year,jurisdiction,area_ha,tmean_c,tmax_c,precip_mm
1972,Alberta,47311.4191945597,11.530034074015417,17.307447723242465,299.25486544487865
1973,Alberta,7811.988053718701,12.257451503374233,17.852218517959724,424.7554790295468
1974,Alberta,17211.700967912042,10.686462229006668,16.118189829436325,347.0623869410147
1975,Alberta,3604.6219944565,12.00819996404639,17.405806924553715,403.47321357538385
1976,Alberta,17806.1804214021,12.746456069187923,18.271705896916313,382.4016683549108
1977,Alberta,8021.527092783,11.518027679980936,16.778690437601462,417.25242390405583
1978,Alberta,5368.5914033435,11.815539246546262,17.429775071075753,401.23376392087783
1979,Alberta,162300.11207421124,12.401552485000568,18.056672202192317,319.3540725337724
1980,Alberta,628234.8502065006,12.405632087443296,17.775997648339892,402.90743798095167
1981,Alberta,1238398.4445909148,14.024028387965837,20.00890918496431,273.90266868008
1982,Alberta,657445.1914250149,12.32102909657339,17.956796638251603,322.6199059262308
1983,Alberta,1962.6152796691,11.83672764974492,17.477449210995953,363.5141224174917
1984,Alberta,68923.8464404081,11.770157198415314,17.2398324535408,413.8685363539008
1985,Alberta,12042.9740956303,11.832460614059713,17.722857589392255,328.62306471517843
1986,Alberta,2030.33601272608,12.09543056928535,17.760746226914605,378.329520071754
1987,Alberta,30095.305785667788,13.053171558980782,18.826893308316745,345.9131094199507
1988,Alberta,10525.772171579309,12.588172925279556,18.31111002358358,398.25536518077865
1989,Alberta,3867.05889416707,13.022042534330923,18.582208613796944,398.7912947247477
1990,Alberta,25327.100639349515,13.54340342249348,19.48825618404335,302.4445110703772
1991,Alberta,3294.4401058064204,13.467918143335105,19.06904631150428,379.81929516061393
1992,Alberta,1354.00784841631,11.348979935652602,16.96842530968378,362.1735329921968
1993,Alberta,21677.531429373117,12.108437002227468,17.70558729080314,398.31604239538774
1994,Alberta,25960.98390939437,13.81524706905879,19.461475778512355,330.38322124725806
1995,Alberta,291896.01746423234,12.780043340729549,18.467067284251875,331.3135572526693
1996,Alberta,1116.0144969836,11.591995056252165,16.811612226243874,432.17723481392034
1997,Alberta,21685.87079926539,12.738878899228975,18.16021126797512,474.3372432150734
1998,Alberta,603338.1454504032,14.546581751024778,20.316776600586063,304.6668030087632
1999,Alberta,102432.75859918164,12.257806275288385,17.91238870371828,335.22078410159395
2000,Alberta,16035.532872834629,11.284120656774594,16.63631360210192,410.36396410204645
2001,Alberta,168904.59983612504,12.957248534080623,18.618446641771268,349.3766251257668
2002,Alberta,411245.168744824,11.767923203232352,17.441973255732393,305.8665104771815
2003,Alberta,69137.16718803592,12.471837733744984,18.2294876617439,321.64511461937195
2004,Alberta,228303.3220368553,11.400063113328038,16.929645802423167,342.4272246068311
2005,Alberta,61089.09298729661,11.72706358900066,17.264059987142844,374.6707727145666
2006,Alberta,153676.98625533897,13.666414297287126,19.257989163739794,355.4114095281863
2007,Alberta,89063.22933655714,12.245848195741557,17.70028582398203,361.9592254605504
2008,Alberta,18796.413989428773,12.867946308994709,18.571524193444095,314.9456018276066
2009,Alberta,61242.08525948092,12.688358018276292,18.52853393338655,286.5393451221119
2010,Alberta,72224.56045761074,12.090692493588186,17.496842612184388,353.6982393510972
2011,Alberta,735110.0583327651,13.250770783743087,18.879064502179965,331.85528338706314
2012,Alberta,335107.06358261965,14.239459502502594,20.019540056390372,324.89572768235564
2013,Alberta,18665.935058755447,13.81411151275659,19.416641656954475,336.1995203184311
2014,Alberta,27842.403005702257,13.22941235112826,19.011759849395887,292.75390587875484
2015,Alberta,412767.7968310826,13.432229188162957,19.241520065473154,267.64733172150716
2016,Alberta,504515.9556672784,13.626951661558396,19.100283542986297,429.5185118290761
2017,Alberta,46468.03157142709,13.94808455229733,19.913346290145935,326.4452854066106
2018,Alberta,47785.35845180147,12.647896258759042,18.368756837561143,347.8921663598956
2019,Alberta,711028.8904147987,12.149280871048203,17.544804885485927,399.44192990089425
2020,Alberta,2775.0367010942114,12.392554231431127,17.84370304558819,449.3519695747872
2021,Alberta,55895.089963787934,13.808261043512562,19.606549174578788,319.74099292313014
2022,Alberta,123213.20194030993,13.846861585476065,19.62219142284855,306.98976201430713
2023,Alberta,2083349.8281924785,15.490116489653438,21.377712865152663,337.3793098528895
2024,Alberta,722791.708823911,13.732195850737185,19.42303442368891,360.1811837671316
2025,Alberta,563227.0742425676,14.696495105478292,20.705351961409725,273.6341769612
1972,British Columbia,21547.542756486735,8.929659340951233,14.517380263376236,382.609337182276
1973,British Columbia,32781.134355418755,8.896318009074019,14.304328231913937,400.4912822139127
1974,British Columbia,14788.96040030859,8.747404958667907,14.166964390005672,383.22853962371823
1975,British Columbia,20782.695698393534,9.23245622081203,14.687290345703278,378.9636310940975
1976,British Columbia,45017.42702958131,8.627643449185914,13.77479263152237,528.0947956504017
1977,British Columbia,3111.6240950914994,9.560629940299131,14.680893342488089,456.24415631027034
1978,British Columbia,44581.39541584585,9.983339238853722,15.34510654573958,433.7258549877174
1979,British Columbia,24006.361416822267,10.537254347240294,15.95229484789836,377.531625344037
1980,British Columbia,62963.98623865589,9.862374391646435,14.976364818122445,502.96294150341214
1981,British Columbia,94139.20701135222,10.63160888959987,16.039047825060727,430.12354668455623
1982,British Columbia,309915.6264420888,10.484214532206648,15.736007433559706,398.3089789654544
1983,British Columbia,67902.43987262614,9.685661253216823,14.91030477509926,501.19100344940176
1984,British Columbia,16228.372719180294,8.864243791757536,13.979004556790686,476.8784110075572
1985,British Columbia,195457.41215804775,9.93917631473377,15.561477118585213,353.80954601696067
1986,British Columbia,14707.659852038249,9.84961844079108,15.166230500621667,415.5712676666445
1987,British Columbia,29521.224909764296,10.712441610060065,16.1920925276363,452.66208685299614
1988,British Columbia,5577.908104907148,9.869280345902864,15.233030250687149,482.1786605764525
1989,British Columbia,19410.306546001808,11.32047358718364,16.79140400033783,383.4830918020032
1990,British Columbia,55451.62279712266,11.516940073358604,17.03487327011596,370.80565362325046
1991,British Columbia,25365.986681492097,10.576161493744287,15.867964760804506,436.9636475451928
1992,British Columbia,24097.10268368932,10.159072392684092,15.511264979561744,383.4017377347586
1993,British Columbia,4180.680483877791,10.756692644717903,16.16712062111493,448.2008049093971
1994,British Columbia,21385.57695135073,11.333395203505274,16.692874161488874,418.4829690293117
1995,British Columbia,32772.01258808587,11.01080917930724,16.42279711252711,361.10405618750633
1996,British Columbia,15080.03175993996,9.089722536292532,14.231995828090431,443.7663986552228
1997,British Columbia,1854.74465465948,10.486645189109568,15.75126220625619,507.3836417111075
1998,British Columbia,65394.89674048107,12.027234265060589,17.54625234536258,336.7741844752035
1999,British Columbia,11259.199735475271,9.215640217396809,14.354943160035877,451.85117930812737
2000,British Columbia,6148.171610463408,9.145028354805646,14.14941111302491,469.2254891123918
2001,British Columbia,6274.389400264392,9.521921420001814,14.60693605242768,504.6150513027216
2002,British Columbia,4907.2346304640105,9.455017175476309,14.624029464665968,420.4024945906515
2003,British Columbia,218338.07121942265,10.233738638287626,15.5690822851202,395.8138734326802
2004,British Columbia,183888.30076253973,11.180305956444494,16.35369240714495,465.4019750890306
2005,British Columbia,25349.174701453725,10.424230465945069,15.569384563242732,476.7022276278109
2006,British Columbia,114439.78204672948,11.13423274909095,16.535786510131377,338.7825571608905
2007,British Columbia,23476.093080011917,10.083493676821226,15.186255131183618,465.1786727677484
2008,British Columbia,11334.208214499373,10.130212297630516,15.42128420029352,396.7200113294357
2009,British Columbia,207566.0026715264,11.202346295152603,16.720633226072273,388.12121912956354
2010,British Columbia,285177.95529782516,10.178327010604786,15.417967072289716,405.22963768527336
2011,British Columbia,11424.391545709932,9.820019283419722,14.819006391877313,519.2589920899316
2012,British Columbia,82090.33007530756,10.857342320091211,16.243760035294816,365.29454203119246
2013,British Columbia,15628.562361170423,11.72853069667113,17.069427475486396,437.0190831568572
2014,British Columbia,323002.44458926935,11.541529906563932,17.00378692534197,346.92588871796767
2015,British Columbia,235800.57008352465,11.520219799184437,16.82602175470513,396.4577364070158
2016,British Columbia,78717.90647635849,11.224277732581095,16.39359465558685,473.60194322209173
2017,British Columbia,1027735.8891285532,11.615985405162991,17.1388892096403,376.9786521921853
2018,British Columbia,1044474.6134262704,11.354188383926,16.78604167034165,353.78245936934627
2019,British Columbia,19703.6647944691,11.096371596445332,16.187307812555456,466.21392377059817
2020,British Columbia,13626.38977505642,10.521514269073984,15.592337889792857,530.6641178847876
2021,British Columbia,784757.3441507258,11.59535331868633,16.81063663287842,436.2136210674924
2022,British Columbia,109395.5819706564,11.53162573097874,16.85540644961827,399.1166193231734
2023,British Columbia,2213310.483898741,12.94057155314862,18.639187417273178,317.47158500548625
2024,British Columbia,912071.6215848312,11.545309864607257,16.891881074190977,414.62362378743984
2025,British Columbia,694104.9976024012,11.989559247800893,17.35956756932196,405.8274948806078
1972,Manitoba,44853.173799124415,10.514768762352832,15.766151492108447,374.10563930434614
1973,Manitoba,445191.5671479302,12.02235466862153,17.096856180437864,317.90741255765016
1974,Manitoba,145350.52170734084,9.959420204551067,14.50932366549432,350.990582849071
1975,Manitoba,20563.59311172983,11.234908569912516,15.948367518598792,424.35029398744047
1976,Manitoba,330343.8559099257,12.393152163517644,17.816623269841237,364.5820551115788
1977,Manitoba,243504.86360973192,11.937480535900551,16.67890305592563,407.99527811131634
1978,Manitoba,19711.711349683388,10.159332493589838,15.195864414870435,391.027635719179
1979,Manitoba,212652.04663769217,10.053853817217895,15.049608143851463,335.1644868703793
1980,Manitoba,499909.90651142504,11.540484816597576,16.619960209004397,426.56646184399415
1981,Manitoba,680605.3931517408,12.18675528388777,17.615956605471695,322.8822185522004
1982,Manitoba,100922.57475247252,10.93364654897674,15.84210694066572,391.00044804005313
1983,Manitoba,83592.1087736516,11.317554694233287,16.37067901252391,415.5284914018269
1984,Manitoba,308760.8702439457,11.95532042558099,16.833619918945303,349.5519353594136
1985,Manitoba,101619.19085868096,10.849659521424716,15.711980442656888,385.457517149656
1986,Manitoba,30162.49107733334,11.017303683467272,16.204646501093194,374.07699564599017
1987,Manitoba,99670.90130120271,12.19039294934752,17.32121437621168,347.48588914012834
1988,Manitoba,393292.97430348594,12.90810006701868,18.11995593431126,334.3827102627689
1989,Manitoba,3175220.202342611,12.278135545775127,17.61916292612976,327.6749748871434
1990,Manitoba,68322.53851335737,11.8299726612738,17.146017883123406,298.2259671308842
1991,Manitoba,297329.9343526055,12.886403490104604,17.949169007817517,382.2915275051435
1992,Manitoba,503948.7500382085,9.645389884781675,14.729441646914754,346.5541742052707
1993,Manitoba,68698.65350769581,10.80828782038065,15.668840168433242,411.9647062206301
1994,Manitoba,1222519.8123378537,12.424004552718438,17.741580227265175,297.239845136929
1995,Manitoba,827579.1339102448,11.89283008710517,17.046773896700795,398.2001658168173
1996,Manitoba,205138.7566636071,12.285618750799586,17.20322952288552,342.0471281616631
1997,Manitoba,75087.39281577805,11.601212835494607,16.384942754357507,415.8363456872255
1998,Manitoba,441397.0401664037,13.02700757651853,17.864023066495832,368.45856338682825
1999,Manitoba,239428.75403543437,12.391401916541522,17.21233197310088,409.1705244420932
2000,Manitoba,99467.3451056258,10.841911293576972,15.508543092744963,409.8647635088336
2001,Manitoba,135384.47813598663,12.9041229941601,17.94480691260195,395.9241192212969
2002,Manitoba,71531.17825005099,10.85942695110368,15.644966916298042,391.1158346477605
2003,Manitoba,723516.2458962825,13.3527864515924,18.39857606250816,335.3249553529915
2004,Manitoba,20640.792505503778,9.413897107396362,14.224238004585178,342.5616588494231
2005,Manitoba,64254.151963216376,11.698529918831705,16.55647378093032,508.2741619363145
2006,Manitoba,136170.75360164605,12.856144988456483,17.90048410228385,379.3966887471634
2007,Manitoba,294081.33666159504,11.585837349271022,16.47798429571175,437.12143961243635
2008,Manitoba,134949.5786229026,11.643926746855689,16.5307858398474,387.1097894357216
2009,Manitoba,2838.005680897403,10.35576929873368,15.191904228001524,379.826203175555
2010,Manitoba,135046.69386294822,11.916216395806696,16.706605444002037,474.3971203014298
2011,Manitoba,107517.71107490892,12.847319110342786,18.07240350610877,364.1144149589001
2012,Manitoba,165136.53121963076,12.76765968232904,17.77094736085488,345.02649809393125
2013,Manitoba,926553.9481173686,13.092267793384398,18.35680327298947,328.09795819532314
2014,Manitoba,34377.4530817577,11.956944998639834,16.94444392524281,377.7620406873449
2015,Manitoba,60867.98002526136,12.169148431429424,17.285205316183966,404.94496802847766
2016,Manitoba,32932.137383873,12.86643781568614,17.904251823644035,398.46059945465487
2017,Manitoba,194938.63743317255,12.73087407540904,17.673328806244864,305.47629652908483
2018,Manitoba,205233.39351449907,12.031556169331989,17.340955572755075,384.05606076793646
2019,Manitoba,71922.01366855149,11.831172013456335,16.706832018517684,384.4122135126607
2020,Manitoba,39732.67407914222,11.612409047984514,16.410374836918262,459.3089587428147
2021,Manitoba,1137920.4853264925,12.569356382250083,17.690998234457158,361.89175988033185
2022,Manitoba,135831.97078229222,12.651880855313074,17.795947596612987,404.785478267649
2023,Manitoba,143028.5957794231,14.803500859261074,20.117399830144016,338.48959483377695
2024,Manitoba,233812.2712446193,13.887403409601315,18.857851790965473,403.72387983647087
2025,Manitoba,1929676.0079618297,13.719870617816474,19.088218169841664,292.1645461864708
1972,New Brunswick,,13.97789780529418,18.978317904532553,523.4300098404337
1973,New Brunswick,,15.069353423312885,19.49358089154093,556.0110904928823
1974,New Brunswick,,13.97251538816745,18.788752861537255,521.9967759557674
1975,New Brunswick,,15.172566326970134,20.010021998334203,419.16056765682134
1976,New Brunswick,,15.001371440947937,19.74526899505244,560.3576941068845
1977,New Brunswick,,14.092409175502388,18.743227608342803,510.5402543206836
1978,New Brunswick,,14.59424041512136,19.778150594782467,351.7461541003178
1979,New Brunswick,,15.167177837677876,19.81924900690854,516.9363786676062
1980,New Brunswick,1957.843693518,13.988555301321249,18.605090122366196,547.1576906611027
1981,New Brunswick,,14.630409046856649,19.308455163666935,586.3553588990637
1982,New Brunswick,5779.013192468,14.102339536700155,18.962629498948733,466.6660655553556
1983,New Brunswick,577.32718467,14.972082243896548,19.69617374344316,496.05035314248533
1984,New Brunswick,,14.700705399713044,19.315885223920173,587.1594647981465
1985,New Brunswick,1737.584335615,14.497001412209524,19.24539428211234,460.7433865964082
1986,New Brunswick,33934.3036434674,13.25432940959438,17.956287345247755,500.79782936680886
1987,New Brunswick,266.751620661,14.736370721649246,19.4956944292909,408.1662152494372
1988,New Brunswick,1632.37702839,14.897692475165371,19.607131177798887,492.9680934721639
1989,New Brunswick,72.02438219618,15.294221643481412,20.015394562208908,474.7914652560406
1990,New Brunswick,4980.804552199999,15.02690570513706,19.680351582191324,523.3122664871437
1991,New Brunswick,2826.99707121795,15.17754835739902,20.13471381857829,531.2494049453942
1992,New Brunswick,4145.95986272338,14.37654059856719,19.19119404770986,465.04456362974713
1993,New Brunswick,198.401018092,14.622774921601364,19.368252102666663,514.0225438200912
1994,New Brunswick,,14.667332827566923,19.25598596780947,565.576305549919
1995,New Brunswick,84.187801268,15.1195958110014,20.18442813081552,411.7874853011244
1996,New Brunswick,1687.29988343243,14.45167382051318,19.003804733111284,521.2018303847043
1997,New Brunswick,,14.141595539540074,18.800764624732068,493.9607608481894
1998,New Brunswick,106.183004418,15.338389255393958,19.982786628062357,536.0994624332579
1999,New Brunswick,703.51721714388,16.800708998753024,21.818668085113988,536.1622455085276
2000,New Brunswick,65.9224727623,14.193918218679356,18.882509107655142,430.9812505944925
2001,New Brunswick,145.83219833748998,15.832977676041256,20.86951330712864,435.1529022168552
2002,New Brunswick,70.87563330802,14.731231532077407,19.67220172651279,475.6537719727774
2003,New Brunswick,,15.290311214201608,19.926678046355416,481.8890959771134
2004,New Brunswick,64.27036664684,14.401752747974635,19.11390037346682,458.2947547257171
2005,New Brunswick,59.18683932431,15.119961951365996,19.782099385877924,517.9518889160427
2006,New Brunswick,147.629979043,15.412702047944943,20.084705280473237,505.2737295634616
2007,New Brunswick,138.95246248434,14.7687967820415,19.607998217467593,457.9182608407844
2008,New Brunswick,6.46899528252,14.779381131123715,19.314862485285417,542.8231921390529
2009,New Brunswick,,14.630078391278284,19.073608372676315,541.468909449549
2010,New Brunswick,12.443133457,15.775619415767586,20.352910298239596,478.3401151309909
2011,New Brunswick,,14.90568827347223,19.43948747855865,620.7543044450475
2012,New Brunswick,,15.698862142004032,20.2789303864156,503.73991869694345
2013,New Brunswick,244.1273613878,15.171404802155854,19.867154781666144,652.6703655243801
2014,New Brunswick,,15.157662816864963,19.751139199794377,588.8217280057626
2015,New Brunswick,,15.615459613267548,20.48167562904774,494.2759146090996
2016,New Brunswick,,15.303719851892284,20.03000777502035,475.5433910532372
2017,New Brunswick,,15.561537557685112,20.37464716405557,449.0881664871246
2018,New Brunswick,72.35188402124,15.929924878614491,21.19467179937931,423.36540586725226
2019,New Brunswick,74.8835449362,14.54850202792945,19.258793885570046,534.4149547569289
2020,New Brunswick,491.089253695,15.711647991855337,20.70103718605452,346.96772028364387
2021,New Brunswick,136.7843722921,16.047488751418076,20.68751024503662,590.3453177064243
2022,New Brunswick,,15.8673380887362,20.633018614613064,525.823947185028
2023,New Brunswick,257.066489348,15.725952570439995,20.175232776542064,657.3607157600578
2024,New Brunswick,198.30633262641,16.753341549568255,21.52528016732703,406.22390610167065
2025,New Brunswick,3006.336693030697,16.189660348828752,21.280028459172826,379.834370090294
1972,Newfoundland and Labrador,15375.45102053,7.215069124932164,11.31245285987502,423.84625657666953
1973,Newfoundland and Labrador,7825.50517838,9.791973688106436,13.839898480328085,465.33976041671747
1974,Newfoundland and Labrador,55381.857292215995,8.331522125668222,12.325414324519487,409.96948893148226
1975,Newfoundland and Labrador,85806.5630454,9.021314173867715,13.039437703321775,437.2272641101115
1976,Newfoundland and Labrador,221690.84392761305,8.885050566654673,13.099642970111017,493.59518461036265
1977,Newfoundland and Labrador,5122.032188036999,8.053321348470769,11.826323365245043,540.3283926087051
1978,Newfoundland and Labrador,,7.953125500631076,11.96272948688804,525.0276861385489
1979,Newfoundland and Labrador,648.804937501,10.023645981135642,14.19804567331406,563.188936476442
1980,Newfoundland and Labrador,692.297808646,8.316037203355195,11.986769196500385,539.4185150271721
1981,Newfoundland and Labrador,9070.316612431,9.213802905193283,13.19887613232697,509.4274077607334
1982,Newfoundland and Labrador,2898.712493099,8.232770492758252,12.173466664425291,471.5362730947319
1983,Newfoundland and Labrador,12610.459572986,9.332242452714532,13.441918078318071,504.42530125081765
1984,Newfoundland and Labrador,7777.550196825,9.3193735458484,13.228098799310551,530.3739159999709
1985,Newfoundland and Labrador,91939.786844492,8.805932585165936,12.80121480482705,473.90500517614703
1986,Newfoundland and Labrador,86418.74358185101,8.474640332914026,12.623247328881536,437.36934719914393
1987,Newfoundland and Labrador,13494.669189905,9.357178852938205,13.45980626003455,425.00726169761293
1988,Newfoundland and Labrador,1327.64640593,9.190963181199107,13.301133653831936,483.0867022631126
1989,Newfoundland and Labrador,46005.00911621087,9.987923076554202,14.21954760547027,492.30072327417827
1990,Newfoundland and Labrador,23384.800570928997,8.909560520982637,12.99454902283826,447.38493614259585
1991,Newfoundland and Labrador,44662.47099610729,7.967025376221102,11.76742059540369,480.3058024556363
1992,Newfoundland and Labrador,13929.432431767,7.902771125530053,11.920907000076612,480.6003942152082
1993,Newfoundland and Labrador,19437.764273067,8.715559103799626,12.679615740876413,468.8131981240451
1994,Newfoundland and Labrador,83218.99670357049,9.002146156733419,12.94411800264263,475.8055716094587
1995,Newfoundland and Labrador,2113.274855181,9.360299473173296,13.48812461444148,442.4906015404771
1996,Newfoundland and Labrador,82512.0415099642,8.971515709386086,13.015401677716175,484.4665978923582
1997,Newfoundland and Labrador,2915.6368947342003,8.62963755302164,12.466691860471174,584.338178633055
1998,Newfoundland and Labrador,22333.756693263003,10.113408504747394,13.98287459977327,533.9933514246211
1999,Newfoundland and Labrador,37623.5795539278,10.910672497996767,15.144403271919108,564.8573039248945
2000,Newfoundland and Labrador,104189.29759159352,9.390893778635318,13.28527046221284,493.7661214538535
2001,Newfoundland and Labrador,672.791680717,9.982425075475394,14.089885105708282,449.1915619019274
2002,Newfoundland and Labrador,3808.985322479,8.800347163742963,12.777779694726824,509.8574758935149
2003,Newfoundland and Labrador,28061.884945794507,10.684898501218042,14.975808117535786,416.60378458515225
2004,Newfoundland and Labrador,892.820242593,9.271836621061304,13.088658254691634,521.1612696842794
2005,Newfoundland and Labrador,23043.584421059106,10.590621730898576,14.899464614672032,472.82415521692457
2006,Newfoundland and Labrador,2486.6246806978,10.776762308594732,14.954458238346833,488.1563540160536
2007,Newfoundland and Labrador,14629.68614121465,9.138302718617547,13.084763925207938,532.9344308452154
2008,Newfoundland and Labrador,783.1909036469999,10.569939119082711,14.537640417410117,475.0659582960604
2009,Newfoundland and Labrador,39885.1017483936,9.102458149332865,13.106743621026007,463.87985997024106
2010,Newfoundland and Labrador,948.884419666,9.777521857737687,13.527785754475891,556.9607924380676
2011,Newfoundland and Labrador,1053.0065017417917,9.403093077004792,13.2450707459719,494.496567266223
2012,Newfoundland and Labrador,190391.24438392333,11.61821661033369,15.686899731085589,437.3985389966068
2013,Newfoundland and Labrador,89241.386857064,9.636886066096231,13.76709255476397,531.5028496514558
2014,Newfoundland and Labrador,24612.641219522004,10.304351485518044,14.388803192255606,461.0607040378792
2015,Newfoundland and Labrador,3994.182874758,9.57219225046646,13.571236036852888,486.39935547771256
2016,Newfoundland and Labrador,10669.6429969927,9.36753702190992,13.201313075056282,509.53164416818
2017,Newfoundland and Labrador,515.54369611,9.453608980071785,13.406137781083784,532.8667564125637
2018,Newfoundland and Labrador,15.1175606326,8.700941545561909,12.77425209345057,501.9625987550855
2019,Newfoundland and Labrador,642.056480057,9.1893277450238,12.952178657808409,502.5034343511009
2020,Newfoundland and Labrador,4225.1199948622,10.230989377972428,14.102484507464634,579.6980447252784
2021,Newfoundland and Labrador,40.7560423555,10.6589116783708,14.620462463657535,533.5578092919374
2022,Newfoundland and Labrador,20738.478271589996,10.668330524791973,14.669663782729645,540.6574623344658
2023,Newfoundland and Labrador,19676.919310300003,11.283262164804054,15.351432197562586,507.7517868466245
2024,Newfoundland and Labrador,60385.50931980131,12.10817545094325,16.362435961593313,429.0098198004605
2025,Newfoundland and Labrador,18104.376309449744,10.753349741391094,15.015948480500082,485.9128591958901
1972,Nova Scotia,,14.478620346104249,18.857491168600884,430.3758590660453
1973,Nova Scotia,,15.08620821707911,18.886306823883224,531.9509786788325
1974,Nova Scotia,,13.94747682671049,18.009114812555435,471.5874476176097
1975,Nova Scotia,,15.065399263277074,19.48189622205223,341.0005669391748
1976,Nova Scotia,10947.2085354,15.496468068225871,19.65114220309655,472.5065535740422
1977,Nova Scotia,,14.414391224243404,18.490205415684503,576.15103107988
1978,Nova Scotia,,14.650987653557202,19.096350213523316,321.01196698506976
1979,Nova Scotia,,15.212371750695931,19.19611459003392,512.0923497990213
1980,Nova Scotia,421.453826531,14.238971551322363,18.30782841400038,438.272197176796
1981,Nova Scotia,,14.866116687935628,18.88894962159291,474.9473297745761
1982,Nova Scotia,,14.251260673607907,18.26608248112257,453.56090263535606
1983,Nova Scotia,,15.30727981890129,19.234158572087463,513.3905189157496
1984,Nova Scotia,143.83097700155,15.470246327325832,19.50943864260221,471.2794993808375
1985,Nova Scotia,,14.485789762909077,18.58416445250059,623.6146415691726
1986,Nova Scotia,,13.64988367577787,17.582632536637178,491.08435026889
1987,Nova Scotia,101.23889515581,14.641670809503212,18.780433813296263,414.415874539552
1988,Nova Scotia,5.77389742959,14.89529597645508,18.89645574994821,512.961853138415
1989,Nova Scotia,,15.588605798396932,19.785722059623797,445.7428715587348
1990,Nova Scotia,551.0430341264,15.291804838917036,19.372765966849215,472.73041334024674
1991,Nova Scotia,764.43929679007,15.127853064721204,19.4347793390969,456.7403986872481
1992,Nova Scotia,470.73101837925,14.523657137125056,18.82862361512989,378.06500650520536
1993,Nova Scotia,,14.646751457143289,18.6873504034351,412.5528245641354
1994,Nova Scotia,1.67673818339,15.252655720427878,19.13010560138071,510.2659979445039
1995,Nova Scotia,,14.670719509893123,18.8251774636385,485.6965933706076
1996,Nova Scotia,,14.507609655058124,18.28574380231102,636.4270572612438
1997,Nova Scotia,333.8977473525,14.40110757328257,18.441883225027517,420.7813109178116
1998,Nova Scotia,55.81983047404,15.397563173991736,19.37986899095559,521.7738869795244
1999,Nova Scotia,719.95465142113,16.8048407742734,21.07554717298885,481.5605389780268
2000,Nova Scotia,146.821006211,14.584235994514186,18.63363446538712,384.7422329294045
2001,Nova Scotia,158.786198974,15.584240881654264,19.883787028588586,379.4344356333405
2002,Nova Scotia,,14.856182735497878,19.04602781638557,486.4619813310151
2003,Nova Scotia,501.4300704333,15.450342469888596,19.562093192439352,434.1940477839691
2004,Nova Scotia,12.42260786505,14.426439371533068,18.34395526635349,407.7999737203413
2005,Nova Scotia,24.13101412608,15.131795958605558,19.149434886496262,486.7026545394675
2006,Nova Scotia,162.52353364138,15.66553701114833,19.540236551269796,541.4972389313688
2007,Nova Scotia,85.5041542288,14.751569619064176,18.78082049713843,545.830366670068
2008,Nova Scotia,1677.7499010767,15.119430667612637,18.94317549099226,534.940732348274
2009,Nova Scotia,642.260212006,15.115954168246711,18.994816075573908,522.438990235042
2010,Nova Scotia,,15.84804851026728,19.712540485555255,514.6120904002598
2011,Nova Scotia,,15.132045736974169,18.874747367057648,492.231283948499
2012,Nova Scotia,,16.025187317489394,19.951579754657185,600.8248791061806
2013,Nova Scotia,247.30801083322007,15.82188847106563,19.693484507925593,616.5000377135195
2014,Nova Scotia,530.9986193512199,15.274088813137467,19.425812122817533,437.1769787662575
2015,Nova Scotia,450.6354104396397,15.573043560466733,19.652145509320864,487.40280274237784
2016,Nova Scotia,742.7117865373609,15.435935678223178,19.486569745087905,428.2005050433591
2017,Nova Scotia,752.9815305776489,15.58837383996686,19.503346270975808,491.8904401673885
2018,Nova Scotia,224.88000958145997,15.95912671023022,20.31594766621189,409.9833409871913
2019,Nova Scotia,,14.660395640427064,18.661091573618123,564.7796860940553
2020,Nova Scotia,624.5015482342668,15.806971329515788,19.96785147562303,378.51278145302064
2021,Nova Scotia,167.46776076608,16.231071647730214,20.177829891507344,503.396304926961
2022,Nova Scotia,2833.2241727087,16.238752922793214,20.273356365255065,486.24930328282306
2023,Nova Scotia,21760.914449240325,15.89160358703541,19.709627465607824,594.9167093962674
2024,Nova Scotia,38.39905709440949,16.496457312556554,20.48483461168906,383.1824032758148
2025,Nova Scotia,8181.31470879522,16.254446364290654,20.667537965599152,285.90607146337373
1972,Northwest Territories,177974.36192126523,8.020312959860977,12.879820274253625,218.1587152386369
1973,Northwest Territories,804456.7683548058,10.829372938595307,15.56318845449559,251.55758273098232
1974,Northwest Territories,23145.54521586788,7.576961661836322,12.268710657732331,280.59063536126695
1975,Northwest Territories,526068.411416438,9.73426270329384,14.483473733843494,227.98682070742143
1976,Northwest Territories,626266.3363140688,10.09256139455253,15.091658277032549,248.7712055324605
1977,Northwest Territories,319874.6486776961,8.986358759017364,13.591933816884016,223.73429549606684
1978,Northwest Territories,60988.44343522331,7.374855618013969,12.115483862450976,214.9647123156066
1979,Northwest Territories,1594857.371464038,9.031030996688688,14.01147399945656,208.52110665586437
1980,Northwest Territories,1090905.1729605645,9.026994313065996,13.807543578440264,235.73752299171775
1981,Northwest Territories,587589.5936281545,9.922100755210575,14.967335496951204,232.52028567038832
1982,Northwest Territories,237170.15314284465,8.664551180050815,13.451914417353413,241.5004467938916
1983,Northwest Territories,223320.3447696875,7.9169310883711,12.78523339580506,228.50997277584375
1984,Northwest Territories,34342.19181999982,9.651693810352922,14.297894633969364,288.19577734538007
1985,Northwest Territories,105774.64703519415,8.141114154091435,12.857843294685964,235.9125682331816
1986,Northwest Territories,267860.67093830963,8.677257952332107,13.67090021540164,251.14472591133753
1987,Northwest Territories,342360.94571681553,8.879073781154307,13.816851340400753,220.8704117381288
1988,Northwest Territories,66605.24777082972,8.658120794075458,13.352980594344116,296.96021440247034
1989,Northwest Territories,460748.3155361304,10.145909234522165,15.220074997727158,234.9830888409893
1990,Northwest Territories,93702.7464614114,8.740700350079836,13.619943289948951,267.2446990340857
1991,Northwest Territories,175739.63766613652,9.79212303318689,14.68410363076055,294.5566431828205
1992,Northwest Territories,34168.77410449221,7.606216982897769,12.459544370230422,207.84473032957493
1993,Northwest Territories,809378.9030113999,8.78574984326369,13.3033460325898,236.723851240096
1994,Northwest Territories,2309572.597143852,11.199341700426192,16.27059138722807,214.79337491949607
1995,Northwest Territories,2041487.4440658656,9.944730925334902,14.787596685147433,228.2335184742775
1996,Northwest Territories,276013.96131531167,9.26184585423016,13.96966885215224,281.41469801708706
1997,Northwest Territories,77296.46782645724,9.676165323329869,14.391345102042044,260.2420070713226
1998,Northwest Territories,1259897.7873199014,11.610275163862925,16.439133607194073,265.68303240691733
1999,Northwest Territories,440546.7660149784,9.004867106583408,13.793395618794309,252.17772894290815
2000,Northwest Territories,151041.37661913197,8.574412367347636,13.05269536592668,267.2749732627004
2001,Northwest Territories,88337.38511202965,9.270545838062482,13.87827253723356,273.24771659461584
2002,Northwest Territories,37949.53171691376,7.896116335130558,12.531074536743896,296.5554440882642
2003,Northwest Territories,104278.7920494164,9.04662981502923,13.824217413976822,276.1291977966141
2004,Northwest Territories,386227.2455778973,7.722449525824468,12.512304621040348,183.7155872583126
2005,Northwest Territories,177715.87212373363,8.023779203473717,12.620265525088374,259.5563121819232
2006,Northwest Territories,43426.99884420461,10.625492830237386,15.224484553265125,253.8021598177182
2007,Northwest Territories,307068.79412118415,8.572254590897021,13.001701292735508,241.44234020625143
2008,Northwest Territories,311710.54368131194,9.123850281834695,13.649116505740894,267.9812156884293
2009,Northwest Territories,1492.0995035147791,8.610670484673262,13.374027750929912,250.0692061142573
2010,Northwest Territories,253877.71701341693,9.769045597934186,14.392547217679846,269.0577689049089
2011,Northwest Territories,211924.6553449855,10.201216117842236,14.853161927189063,269.4955275712073
2012,Northwest Territories,194411.1670151392,11.560029934678903,16.285207860234138,248.58804545298335
2013,Northwest Territories,460947.3082065304,10.43573078760047,15.460231111080304,231.1088856049852
2014,Northwest Territories,2837487.3922959687,10.114403968651615,15.026924889182776,242.920409312008
2015,Northwest Territories,527165.6335606726,9.934266277887524,14.727123002107003,273.23444121844597
2016,Northwest Territories,213970.66507154348,10.692459385342625,15.526756983709747,284.3923972440595
2017,Northwest Territories,811888.2776905289,11.313676303608151,16.22760609024899,255.8938735011212
2018,Northwest Territories,14167.36191740426,8.386056081485238,13.234602285539564,280.3184737520535
2019,Northwest Territories,110213.39664453117,8.64561034419002,13.258305709719322,263.0922780147311
2020,Northwest Territories,18139.124773038544,8.849076690718565,13.248719866393468,289.9461514438945
2021,Northwest Territories,154625.28442049745,9.734340283440432,14.530881195084692,266.1780719506654
2022,Northwest Territories,582854.6911919948,10.94373706190349,15.90126909312622,222.4241659116275
2023,Northwest Territories,3484145.00149907,13.163894809009944,18.25357814801519,225.8812394684603
2024,Northwest Territories,1647577.3774487788,11.368298588898108,16.193163161483984,249.06516873233397
2025,Northwest Territories,1090867.7277605291,10.775611117204836,15.828091345227827,216.97731388785576
1972,Nunavut,,3.593150158281151,7.696120595705756,248.03843898064412
1973,Nunavut,,8.383970797602956,13.029389872498404,225.97795237510817
1974,Nunavut,,4.829006503658462,8.891746686287023,262.70860283792115
1975,Nunavut,,6.89188822720721,11.20607005726245,217.39498686484484
1976,Nunavut,,6.2403355007015,10.803331320267016,245.13082099849785
1977,Nunavut,,6.041734062156876,9.973794983987233,261.2612481271397
1978,Nunavut,,2.798008992190569,6.535342542798853,230.8293621245213
1979,Nunavut,,4.339293682332202,8.578570390781692,197.284169037576
1980,Nunavut,,5.834095042239666,10.291841426900303,241.61307054367265
1981,Nunavut,,6.477257579664303,10.806830706107762,239.3356939707008
1982,Nunavut,,4.765147393215951,8.776460347581981,244.84133209002448
1983,Nunavut,,4.748351822613392,8.808311382936838,283.57561428177775
1984,Nunavut,,6.688199028626292,10.804101825423436,248.27020762751877
1985,Nunavut,,5.304717453649672,9.22498789487364,302.4573286541179
1986,Nunavut,,4.772666973797584,8.973625326284596,237.82277022293292
1987,Nunavut,,4.519066759665463,8.480059534305282,283.119460832263
1988,Nunavut,,5.90615742589796,10.089576826295414,238.96701368446
1989,Nunavut,,6.107816478871003,10.57414153336714,222.7365926913358
1990,Nunavut,,4.852245130207974,9.025506628333996,258.1064054029454
1991,Nunavut,,6.781215633656684,11.178525257699896,260.4912926886036
1992,Nunavut,,3.9796875229528097,8.164245269748438,232.64827095405377
1993,Nunavut,,5.192859788664899,8.84666398473854,274.3900583571952
1994,Nunavut,,7.588420452975674,12.368060382800138,225.3725794969739
1995,Nunavut,,5.492570755532128,9.475594920625102,271.21105017256133
1996,Nunavut,,7.607218035262473,11.994427330538192,269.5692717179527
1997,Nunavut,,6.5242104224372675,10.896999952607636,216.76054902986056
1998,Nunavut,,8.074229964424292,12.329165774626398,249.29503327899536
1999,Nunavut,640.5093127895,5.608829622500772,9.704098005630245,302.63528030462805
2000,Nunavut,903.83158253586,5.941633740774045,9.902117809230804,239.04069792020024
2001,Nunavut,,6.442475635175693,10.490624053949288,256.94812761815956
2002,Nunavut,,5.000065096760513,8.858260563461076,286.72218703845436
2003,Nunavut,1209.0464486416902,6.325373641958021,10.660705963615158,266.17032520031046
2004,Nunavut,363.789495371,3.91391001189735,7.773855119823855,221.57243591207208
2005,Nunavut,,4.4025987716192265,8.24537060491013,280.7616810628278
2006,Nunavut,377.864711828,7.20878667547435,11.437695664364687,215.4892595243431
2007,Nunavut,16.13780611399,4.926215686847476,8.61150133509429,253.98499686584933
2008,Nunavut,4361.37902887395,5.8081261747148245,9.671210869674304,307.6499764169906
2009,Nunavut,25.2935615962,4.753951652616122,8.795699107825767,201.25982477568985
2010,Nunavut,8719.514380302699,5.941418161618559,9.90074331586846,241.28491454885983
2011,Nunavut,455.567752255,6.704944393441343,10.721067250207645,273.9286953887002
2012,Nunavut,9.14147095036,7.588759909286415,11.624052679064889,213.5970279792272
2013,Nunavut,132.95170865523,7.271758706390715,11.805258174470543,207.26530750571763
2014,Nunavut,2809.88291689914,6.945631014478488,11.340118718792056,269.0210987852571
2015,Nunavut,73.3692163347,6.155044196384612,10.229742607503448,246.02781865986955
2016,Nunavut,142.2539154648,7.1877885087074604,11.281282678708084,288.9017954872245
2017,Nunavut,139.64454049209002,7.994314428915971,12.38930695340754,229.6726677031799
2018,Nunavut,387.826209549,5.042544149209389,9.372687661180716,253.19704576508164
2019,Nunavut,2296.48908786,5.4659902505924105,9.328024334653543,324.6831981245062
2020,Nunavut,49.16431006358,6.3367993530125055,10.265205147226188,285.7875816534289
2021,Nunavut,247.075690505,6.187454498788389,10.326105869313135,276.1222322334594
2022,Nunavut,1001.47651970444,8.068193096496943,12.50237346073819,244.4474445214245
2023,Nunavut,3827.162254531599,10.122979591271656,15.028638947752356,241.7125806241913
2024,Nunavut,56.06566444580999,8.784814552302409,13.224035725010726,300.48892849364097
2025,Nunavut,,7.7745543555456464,12.354232445651524,244.35379459769868
1972,Ontario,24217.720054997004,12.673035131163994,18.446011068635944,393.5231437064893
1973,Ontario,2231.59731647,13.3560967624576,18.40375578782411,445.5130507641214
1974,Ontario,449180.10947019205,11.950883586559764,16.82374495341036,495.2764009143678
1975,Ontario,7459.095393925954,13.880277646244846,19.09087977642096,463.8118612096484
1976,Ontario,346927.6860022348,13.685853374079898,19.535451854959177,353.6889249728805
1977,Ontario,269744.5124585707,13.564925561774752,18.87674723174328,465.41880669991303
1978,Ontario,11246.495640224,12.505640605087049,18.097943732510775,455.9249878139241
1979,Ontario,53203.9503683465,12.785922233034343,18.096709920717373,445.7542269277095
1980,Ontario,434534.25768917584,13.446834395313974,18.75624836814148,430.0155639690611
1981,Ontario,160107.8446709762,13.570570160762363,19.05388134349429,363.2034882967975
1982,Ontario,8033.899064928999,12.93551843129535,18.011431454144287,447.7539056486381
1983,Ontario,338345.4266362515,14.077481989414975,19.554090628655505,409.9212145514011
1984,Ontario,95431.333080828,13.284920969757255,18.36265656018218,443.5204260814165
1985,Ontario,1614.4901267103,12.579370511193105,17.56828059778412,513.0385935105845
1986,Ontario,123886.6310211186,12.98660322926352,18.31135333370428,423.6649327042482
1987,Ontario,90991.22188107407,14.227622883205571,19.563666139186548,423.9725183489994
1988,Ontario,310036.3708641998,14.706674978201292,20.25263705251546,452.3351730012919
1989,Ontario,390429.0392123678,14.14833509732044,19.730349524503133,381.83562391498594
1990,Ontario,138450.77165917252,13.26248728997284,18.545163854830836,393.204896679287
1991,Ontario,266256.62205173954,14.956389529070922,20.346084695035085,400.9651131723544
1992,Ontario,135696.9195002294,11.875659837505054,17.1858042857865,490.18054822756534
1993,Ontario,68639.5580433025,13.080018696893443,18.167778818628975,465.43254673027377
1994,Ontario,71603.51892179331,13.332850376616587,18.59694758398536,463.868626130387
1995,Ontario,528424.08766219,14.29521056085612,19.71072949068856,419.6728342707653
1996,Ontario,373842.59545534465,13.779715136520164,18.896606881606125,409.7628985313223
1997,Ontario,26438.75907470644,13.179177894536664,18.267279149295906,370.8397564052188
1998,Ontario,190354.559403319,14.898526466027722,20.040496106731364,408.753925414213
1999,Ontario,300741.0015934444,14.777692020466258,19.94197860369224,497.6297544344372
2000,Ontario,13686.87361618762,12.64696514578261,17.678664818346054,494.6773453249049
2001,Ontario,11865.813082211826,14.662906912357927,19.84666827818694,467.278961878831
2002,Ontario,162766.18775291226,13.758271818793531,18.913463022997156,454.47054106818734
2003,Ontario,287197.4805556334,14.882496454204578,20.171348027149293,449.24537821790216
2004,Ontario,1486.4663010369,12.16031607960176,17.273416584055497,501.48462459914106
2005,Ontario,47886.182616039136,15.041424916716023,20.355418488990857,434.18092357585186
2006,Ontario,118703.08833481286,14.657910562958753,20.039073966271765,402.8999452065265
2007,Ontario,32079.761486764102,14.26122210912977,19.593399811221776,508.7792228701465
2008,Ontario,1143.67450318199,13.01819921840526,18.021611044857867,486.5007641233929
2009,Ontario,17427.701459835487,12.647199712403934,17.57009787559224,480.25670006544544
2010,Ontario,12920.0160449773,14.465091010556042,19.446024392786818,498.4812792024637
2011,Ontario,456580.0470900069,14.75105094213474,20.28983176952296,385.56896152622227
2012,Ontario,112819.43129640262,14.750192157719178,20.058986138223133,426.91323154213967
2013,Ontario,39951.60242347998,13.800447173899554,19.184783906311896,457.642547361286
2014,Ontario,11945.7944069613,13.246963569795996,18.356823481534715,467.5994260005391
2015,Ontario,37801.3447012124,14.384501169234731,19.757770137907603,447.40434649119845
2016,Ontario,77299.74036813709,14.510970266355756,19.803646563167767,458.9506873945374
2017,Ontario,93616.30961095834,13.70913362359857,18.82101845962074,442.1760781832441
2018,Ontario,220529.900328741,14.576351157514983,20.313191622086293,433.9118025306413
2019,Ontario,233965.63374699577,13.57777122481788,18.695497619851253,434.3928442255112
2020,Ontario,13388.0180693291,14.160461903851786,19.28682645432268,470.788854880573
2021,Ontario,693349.2515739221,14.950532507412728,20.397438496236266,415.58003463368095
2022,Ontario,3193.0487694385997,14.292558165713398,19.54430305764256,457.8824788166213
2023,Ontario,352971.0528775923,15.389357000313256,20.90177594957863,346.6192988560861
2024,Ontario,78437.05399006448,15.698406244068073,21.011171453757644,412.8771169094487
2025,Ontario,472625.69855475385,14.850490282684024,20.33374791375956,385.879368416541
1972,Prince Edward Island,,14.291084516005071,17.710016135027683,451.05140362215826
1973,Prince Edward Island,,15.298120686112211,18.201922234578618,435.19234863596455
1974,Prince Edward Island,,13.953823105299366,17.034850223959285,379.8857876328905
1975,Prince Edward Island,,15.196146584737534,18.438888280093675,316.50748318394807
1976,Prince Edward Island,,15.40820216937482,18.569547372826175,445.6013291550838
1977,Prince Edward Island,,14.2881091793607,17.341951158373323,508.232974491213
1978,Prince Edward Island,,14.517870999859404,17.92871956970268,345.3112839092643
1979,Prince Edward Island,,15.16828508309462,18.33837807955829,468.6901470842887
1980,Prince Edward Island,,13.999525996865415,16.931353712905242,422.2035562896421
1981,Prince Edward Island,,14.84739986538314,17.817596325922743,511.11050034699576
1982,Prince Edward Island,,14.006309010559889,16.939441763247082,443.94664805971064
1983,Prince Edward Island,,15.054947184975642,18.063111655770737,542.465606586133
1984,Prince Edward Island,,15.494301823212574,18.52499906026527,481.0620479470606
1985,Prince Edward Island,,14.577739332594836,17.518836220260518,499.294719147564
1986,Prince Edward Island,,13.534898041745944,16.36296902379666,468.9265064248925
1987,Prince Edward Island,,14.74065517812024,17.813734442406933,382.1485865627473
1988,Prince Edward Island,,14.86525194218392,17.95572384841912,595.6916177128234
1989,Prince Edward Island,,15.530263641784927,18.626219122250575,441.4204526363535
1990,Prince Edward Island,,15.169592002641972,18.30065314359383,505.84686482964565
1991,Prince Edward Island,,14.68970314562552,17.87745697661604,491.5811821160591
1992,Prince Edward Island,,14.358846608153131,17.626250240301207,328.53239404186814
1993,Prince Edward Island,,14.230725588270367,17.160504944572835,402.94581521537725
1994,Prince Edward Island,,14.979747405566826,18.003798770350258,456.21184184215053
1995,Prince Edward Island,,14.629576827780951,17.716658650334097,413.9922109413366
1996,Prince Edward Island,,14.898261646766322,17.75029487063677,492.0182517175828
1997,Prince Edward Island,,14.358487451071056,17.2749926864587,382.2726584676298
1998,Prince Edward Island,,15.447592752840182,18.404339172570797,495.7893226097464
1999,Prince Edward Island,,16.795821380613827,20.03378276470114,472.11095346245327
2000,Prince Edward Island,,14.560639608685,17.53457957936339,405.3635211219964
2001,Prince Edward Island,,15.893709406529185,19.123261101511797,266.1965496505158
2002,Prince Edward Island,,14.834080372045968,18.0237020732953,486.3539796343152
2003,Prince Edward Island,,15.463322066864231,18.369580771535247,435.2369865938146
2004,Prince Edward Island,,14.58430874467545,17.579829940458087,371.98938498311594
2005,Prince Edward Island,,15.126082189798437,18.00827083991908,412.2468655973754
2006,Prince Edward Island,,16.06972303844278,18.931628698083312,420.9303141213122
2007,Prince Edward Island,,14.821558517187349,17.85010759911712,496.5219935581497
2008,Prince Edward Island,,15.350215452026164,18.080568469875782,534.0792397034553
2009,Prince Edward Island,,15.363097150412964,18.2487787496448,591.7126815504437
2010,Prince Edward Island,,15.812045398030378,18.615371256329883,553.0423368154167
2011,Prince Edward Island,,15.053886729217906,17.978191107101317,435.1106262049432
2012,Prince Edward Island,,16.49749900030648,19.446954019850388,510.6001314534836
2013,Prince Edward Island,,16.022524897565006,19.056114356852415,542.4198246075408
2014,Prince Edward Island,,15.483326412259196,18.487817459837274,461.17186671410786
2015,Prince Edward Island,,15.893566132440345,19.024790333146868,387.90801021439745
2016,Prince Edward Island,,15.42218204443394,18.48403349209772,372.1674986916649
2017,Prince Edward Island,,15.882980809704309,18.805460353820543,363.0839885763639
2018,Prince Edward Island,,15.89071492208604,19.155049777530746,429.7325586268841
2019,Prince Edward Island,,14.92558899223773,17.759789659044852,535.6560593013965
2020,Prince Edward Island,,16.113899361167825,19.319042180775615,359.8916917692657
2021,Prince Edward Island,,16.356775870289056,19.320961117219447,516.9094774478162
2022,Prince Edward Island,,16.522585520994785,19.458937419791845,482.377587760353
2023,Prince Edward Island,,16.040786379455223,18.859644997415675,567.9848245841605
2024,Prince Edward Island,18.29215626035,16.91588765875515,19.776880468265283,376.9953200602647
2025,Prince Edward Island,,16.561990529571403,19.852217270414386,321.15999771053373
1972,Quebec,66984.05406955499,7.94979728962528,12.480693207742505,464.0600753542836
1973,Quebec,185038.5134173978,10.835381195687246,15.068638812603972,496.50357273709454
1974,Quebec,168669.4145697551,9.585375677744237,13.840732873371358,510.82222162486534
1975,Quebec,39514.2417907628,10.67319119985076,15.03534902330756,464.9214792251566
1976,Quebec,589804.880980895,10.012437838237904,14.575605399040326,494.840232538252
1977,Quebec,47136.19638678225,9.26852994266334,13.67792953293792,460.4026109372809
1978,Quebec,37428.237036978,8.975522862289917,13.49194823104891,518.3503090298675
1979,Quebec,3832.90650205,10.104741046016692,14.559295559097013,557.184145685046
1980,Quebec,24355.87382698,9.697813380695887,13.95323821359758,499.5832018112266
1981,Quebec,180398.31759842456,10.129752190352354,14.500622044896668,428.551745123929
1982,Quebec,39835.37087969591,9.500949835621777,13.852218399455596,465.20570536737296
1983,Quebec,978396.9942644947,10.285641773887992,14.713714944648494,493.4085122139854
1984,Quebec,2091.418910125,9.924887977305994,14.120301586051973,524.4268913369818
1985,Quebec,92912.53372997328,9.932679895866968,14.181704941852551,445.3928561967329
1986,Quebec,155513.38808906512,9.126957298594808,13.600471609197122,506.5467565735695
1987,Quebec,51817.32825923832,10.10599151548401,14.466256185299494,514.1236516925572
1988,Quebec,365516.5833349551,10.299523806819984,14.805463630133769,489.14759255049495
1989,Quebec,1910202.0557232064,10.679150520638744,15.28357216794946,430.27871450647945
1990,Quebec,96073.38590828142,9.709123305356943,14.144052108697396,475.7364501262724
1991,Quebec,464583.0530189512,10.295469697696424,14.701260173434608,430.5391490869776
1992,Quebec,28981.497976497027,8.750559638358121,13.21658319584616,523.2449776022186
1993,Quebec,132998.54356030285,10.367101693911527,14.663571939557317,536.7193833318508
1994,Quebec,98930.03466193848,9.625121421132311,13.93575382483174,502.49479759041014
1995,Quebec,688799.9213377631,10.99431497516053,15.613524812474395,441.9768846607536
1996,Quebec,724754.9080217882,10.243543426041583,14.596467650767655,432.2283303864867
1997,Quebec,488475.72192659136,9.85850476394896,14.112776615251711,517.4360436916711
1998,Quebec,374246.4875543695,11.750495382272184,16.059828917374226,496.221029575652
1999,Quebec,116976.16273065277,11.98240442220371,16.534614470318914,552.417964910498
2000,Quebec,59781.00813437753,9.791411562231437,13.995003455917551,505.9216616311623
2001,Quebec,27541.841451266133,11.658242986391183,16.113161481399732,491.0966081196968
2002,Quebec,1169192.764620073,10.03055537569138,14.370946806497592,492.37346134055207
2003,Quebec,82095.10932498761,11.436372000282134,16.033398917033086,471.15578959510634
2004,Quebec,4926.010834891839,9.417268633048888,13.659804992377722,534.2197934155224
2005,Quebec,834744.6003503826,11.894783254740682,16.497541053525893,492.2286026815373
2006,Quebec,139445.88849876286,11.33763920355748,15.78226577560285,490.9649599396551
2007,Quebec,397463.1759786181,10.158741895268406,14.656341207135709,533.2962247250094
2008,Quebec,3714.42006289024,11.31479622027142,15.593182807793395,531.0843667721748
2009,Quebec,170312.2595955276,9.938765093154135,14.088725315605902,490.6193706921775
2010,Quebec,378164.72798579023,11.214441633056408,15.436123936462725,500.3227047888162
2011,Quebec,22780.311129575053,10.82186892994993,15.178421204385502,501.73719220960425
2012,Quebec,79444.48913201767,11.757878747292049,16.179786216293326,520.8995148718649
2013,Quebec,1833973.5991925644,10.441838755510275,14.959548195265755,481.41372112846625
2014,Quebec,53484.20993531726,11.236855052444398,15.552042232897085,523.9199592965903
2015,Quebec,5339.837358435639,10.98522976285319,15.3848672062575,551.1259683912268
2016,Quebec,33910.64736802635,11.068541967809509,15.40887672830165,499.34698872405613
2017,Quebec,31332.62281550372,10.644889045193237,14.96172791118702,517.992394481439
2018,Quebec,76294.81820028044,9.88368392459855,14.503092181928425,517.2333456351936
2019,Quebec,9370.016477039238,10.483863100450872,14.74148719739884,508.7539175089589
2020,Quebec,60245.18041412958,10.99502292451777,15.229247206974597,550.863928604123
2021,Quebec,49326.46225918604,11.571540433983122,16.015212309810664,515.9084841307667
2022,Quebec,28158.918122653195,11.446808975942393,15.943094739394152,539.6171695917709
2023,Quebec,4264231.801940617,12.71240388575112,17.29609624778898,466.4471174982022
2024,Quebec,208561.67329990753,13.176334348767922,17.70411176467111,473.9899498192323
2025,Quebec,6418.750974372541,11.376043837032382,15.93704687949422,477.2608486734083
1972,Saskatchewan,129109.964323406,11.57851189595801,16.9769030708612,298.98790996485394
1973,Saskatchewan,331376.138628867,12.897385869636793,18.004259268391117,403.4163280892661
1974,Saskatchewan,22767.40728417,10.418725140208927,15.11106465649278,412.1537633109103
1975,Saskatchewan,75872.29734423298,11.674168955909122,16.468339611888528,361.1915361244551
1976,Saskatchewan,66846.230913983,13.248050725591405,18.54232862364377,410.2428831424741
1977,Saskatchewan,100131.391379203,11.961488520312452,16.775105672767296,414.92151480789255
1978,Saskatchewan,66955.70643959,11.075964972815868,16.271176777651977,395.20035873364185
1979,Saskatchewan,407553.3681001056,11.527470675779831,16.71417711787604,289.17456229502767
1980,Saskatchewan,1591234.0286950818,12.77587152731035,18.039605930475417,349.03943302504223
1981,Saskatchewan,1504127.6229963454,13.874051242436623,19.589287055324103,254.88016125884016
1982,Saskatchewan,68180.93216288202,11.62006717663871,16.82021322346965,342.8151596777083
1983,Saskatchewan,49693.48424002181,12.061400967276535,17.34176729816795,369.2429422901916
1984,Saskatchewan,306976.6895674642,12.695362269345509,17.80169307478792,380.92675709394246
1985,Saskatchewan,83133.4105876381,11.577457827387011,16.831592725605,334.402852993023
1986,Saskatchewan,5981.7055232924,12.011594278531808,17.24769219514007,352.9259769215531
1987,Saskatchewan,176329.81737297197,13.218551262294236,18.41992427636205,305.06862901334654
1988,Saskatchewan,60263.870072568825,13.371881508993864,18.80542672514513,377.1924371634543
1989,Saskatchewan,372877.1520436029,13.04619210576792,18.371903668360215,368.1882534891186
1990,Saskatchewan,180918.24487783576,13.163204044299729,18.713837656897528,262.87493209895223
1991,Saskatchewan,158013.31160594206,13.701805877375314,18.8513324088931,368.4709313619129
1992,Saskatchewan,111607.34716768457,11.036615380635345,16.2890982669551,327.29741594434125
1993,Saskatchewan,730811.4339791313,11.57154605877174,16.61976209025062,375.33922606950705
1994,Saskatchewan,782508.4116722104,13.39455220376352,18.685784557745095,321.06388855048937
1995,Saskatchewan,1102210.3478089618,12.701928765684398,18.07653524216015,364.3392314211936
1996,Saskatchewan,11261.94529819332,12.42412911405253,17.281983693467897,378.3290272934197
1997,Saskatchewan,1768.84248284701,12.76638444369616,17.770426816874505,435.7607404196464
1998,Saskatchewan,800209.011541229,14.23511837976133,19.465966261238957,279.72205186910134
1999,Saskatchewan,153343.7990127438,12.640434925324218,17.699611038258023,361.0477231967076
2000,Saskatchewan,118396.8929708676,11.392334031486438,16.17823403680522,400.2753455956659
2001,Saskatchewan,149072.85299495124,13.574156547304272,18.8468507521216,334.9196661134775
2002,Saskatchewan,665983.9395160335,11.70466048030062,16.918196390811456,372.3477660839308
2003,Saskatchewan,89195.24476993512,13.171229023058116,18.231590815548643,392.2685999337615
2004,Saskatchewan,269993.62865978654,10.15191734858329,15.197169232430122,311.4896504937215
2005,Saskatchewan,190951.34420616683,11.765986598912786,16.845570800490602,436.0700237455335
2006,Saskatchewan,1049753.5332984608,13.754594176158497,18.948051589819464,415.7377378750586
2007,Saskatchewan,165856.19720560923,12.35182706668091,17.455724127949022,363.4109232680836
2008,Saskatchewan,867968.5198300955,12.841841454226394,18.18874244051589,279.6160451687342
2009,Saskatchewan,31932.953983120628,11.89109243734602,17.054184870470472,350.2480558526788
2010,Saskatchewan,1518827.6478921762,12.685836274030102,17.534863598181985,361.78918338122776
2011,Saskatchewan,277796.043146294,13.731121516140616,19.103501059590947,338.43016197560524
2012,Saskatchewan,217944.9151240365,13.893122844597835,19.072382053312413,370.933136301008
2013,Saskatchewan,338652.11447407905,14.24813721417152,19.579294883005993,293.18268929107967
2014,Saskatchewan,312678.77480724524,12.72835711083612,17.76282562142779,330.80017466265446
2015,Saskatchewan,1458915.1562511262,13.33093806119694,18.75610897520345,311.76181044605045
2016,Saskatchewan,226852.85173565173,13.893568030269796,18.94169549354546,410.0067165563524
2017,Saskatchewan,365546.54206154455,13.836198122818082,19.073654013822505,341.1481757922873
2018,Saskatchewan,101530.21037008708,12.719013526800008,17.94081547607906,378.9174161392091
2019,Saskatchewan,52939.21047292741,11.971477385259275,16.913507539745684,381.1297711001747
2020,Saskatchewan,42721.02177891319,12.112424043433482,17.24450832396329,450.29959677664016
2021,Saskatchewan,748894.3480755085,13.581790941909482,19.10407543032352,308.0285465789338
2022,Saskatchewan,219650.37142979543,13.639832500195372,18.955673192284785,299.33751046256435
2023,Saskatchewan,1090823.7414588914,15.693711643724962,21.16314274763959,292.8699731389725
2024,Saskatchewan,768253.7337487586,14.013641518959709,19.277710240286495,345.0154876472708
2025,Saskatchewan,2284540.3866671855,14.671899330731192,20.155081010161886,277.65765318652575
1972,Yukon,60582.17816444,6.921036609524133,11.525541215485324,317.79972923173824
1973,Yukon,3325.479177703,7.1744393590620925,11.506009007034091,349.6929777009849
1974,Yukon,2792.387441521,6.729307547079278,11.338306168328174,333.70995876728557
1975,Yukon,19237.717763834473,7.559346770532227,12.065646995727056,320.42484806358163
1976,Yukon,50226.956499155,7.944465905128025,12.521363546957511,331.4536278096443
1977,Yukon,186313.44148650495,8.239266073352589,12.63828678371964,331.00832051988493
1978,Yukon,5454.111930201999,7.94797642365703,12.485107563901648,326.5160067112986
1979,Yukon,6719.480743082,8.506267910192326,12.958921740558868,323.8017884577172
1980,Yukon,133542.27181312302,7.557107906108149,12.043116831071552,342.43865565495815
1981,Yukon,11846.21759048,7.854434845052992,12.35975988612518,354.6868059749992
1982,Yukon,220728.80012520208,8.101737636167583,12.569033928978868,302.7040848530962
1983,Yukon,43852.0271748336,7.079133309861302,11.569057081062574,320.3985306149807
1984,Yukon,16671.2974490724,7.41630855696984,11.772049898024298,333.46373593031166
1985,Yukon,11150.468265513,6.864901167934676,11.30439068170432,337.3124410420376
1986,Yukon,82345.62169788188,7.33333275398154,11.8779577337334,333.6662732023044
1987,Yukon,65074.22459851872,7.670235100104849,12.14126606266664,333.6204893004211
1988,Yukon,4502.9707493900005,7.877623868390223,12.278700563479582,374.1230961145155
1989,Yukon,306440.917865669,9.924533196037316,14.718196007222687,293.49702261867446
1990,Yukon,157286.5963868054,8.989493606463645,13.425837598330212,354.2503800757592
1991,Yukon,104538.13613469429,8.153795358031056,12.643521430884968,365.9492651899925
1992,Yukon,25738.949080812818,5.974171550398297,10.36649069138357,338.03332633880893
1993,Yukon,105525.52276896396,8.677308800935261,13.121335996034038,338.56371316647744
1994,Yukon,368934.69201413734,9.16830676227748,13.81487792282808,328.1179348478374
1995,Yukon,248019.4808818807,9.608604310220986,14.205471968704352,358.5237933193408
1996,Yukon,75735.40777237988,6.821052428054832,11.280535757628249,338.1635815761165
1997,Yukon,9484.32977349202,8.68812855196888,13.136938318096073,371.0506360775451
1998,Yukon,312163.56449466664,9.204762008259216,13.731421034797442,298.992598208349
1999,Yukon,172596.88446595488,8.023404736503052,12.551329828045088,313.9635292631744
2000,Yukon,7310.37638227427,6.408715368800858,10.601802473625254,406.495195241177
2001,Yukon,17256.495901774706,7.500149332002928,11.760069867865404,331.50869240148967
2002,Yukon,34424.710713811815,7.311737037147653,11.73092814761608,350.4521129005209
2003,Yukon,48356.15128649402,7.309285618304456,11.75971366798942,329.5018753870145
2004,Yukon,1608157.1185948884,9.417685678636756,13.96154087711673,254.17336114388615
2005,Yukon,167460.31452280286,8.767252706854388,13.189083945695613,330.28229123227703
2006,Yukon,89884.4666369186,8.404342487444657,12.778642013839196,339.57752881925813
2007,Yukon,34187.73077432163,8.71116905534333,13.111403684320353,332.6148915571822
2008,Yukon,11102.010063211925,7.342186229127444,11.584817320803918,386.95984135685114
2009,Yukon,211431.23627995944,8.795766976617921,13.40477534534812,298.63725908396924
2010,Yukon,136796.10335636325,8.913880932379865,13.401885969016549,328.5739839469944
2011,Yukon,33628.2621606283,8.116812225486736,12.361225910374875,382.81947597572264
2012,Yukon,53826.340151249984,8.576418323096279,12.907558758382809,332.10163886371726
2013,Yukon,170092.05236344656,9.030949194857907,13.588897797596449,343.23059956679003
2014,Yukon,3213.65426635989,8.461973521183436,12.886652500347015,356.0950915802629
2015,Yukon,147116.79384107154,8.565392785086459,12.85551939277027,388.2918593615887
2016,Yukon,19062.65771636,9.366933775925904,13.762782027628928,372.60297972853834
2017,Yukon,326067.2496928579,9.42108013929428,13.977189904190942,337.87360334339104
2018,Yukon,74673.73431595332,8.138746564561751,12.597692674294978,363.5454030069805
2019,Yukon,268699.0572678417,9.564921605146644,14.07423589799607,306.5567761314787
2020,Yukon,16080.294725370002,8.003232589617514,12.275335548501223,399.0143790678909
2021,Yukon,134558.98312307431,8.682836764525504,13.044392909362804,341.1286382646277
2022,Yukon,194286.55253565553,8.84951680614749,13.26679420155494,346.0302833383912
2023,Yukon,333955.5592805471,10.579162289953487,15.168412880730704,314.49231357904483
2024,Yukon,182064.92624758775,9.204221651751691,13.661021607484397,346.6445371455455
2025,Yukon,166753.68838933698,9.362988544637124,13.775460292528404,329.19964007497964
1972,Canada,587967.2363103372,9.183688322812337,14.216128477618389,358.5030803664889
1973,Canada,1821107.9164061125,10.918342177630352,15.702398895246532,393.5080739644832
1974,Canada,899596.110618936,9.261424909526392,13.939972907351757,399.9123498411812
1975,Canada,798909.414483223,10.597272488277085,15.380788906882072,381.429353135596
1976,Canada,2305888.5350469816,10.644672224725502,15.673274306928494,398.0269781820779
1977,Canada,1187695.90584773,10.174863009951851,14.871138667958762,403.0708700787892
1978,Canada,251734.69890301427,9.44296947696263,14.340006040676332,399.6074789044248
1979,Canada,2524932.096135195,10.311255939757396,15.215911478585062,385.9954290669972
1980,Canada,4724178.44596979,10.31907282686219,15.093767639190846,409.82954090973
1981,Canada,5115169.354412469,10.98722009984542,15.993001570511236,354.36339335623103
1982,Canada,1660744.3071484352,10.096090010722923,14.873022679324036,377.6625931578444
1983,Canada,1806190.868030584,10.22857491507144,15.110244930616227,400.6985902244672
1984,Canada,878336.1651032583,10.405003131279182,15.086336049435854,417.5193755777628
1985,Canada,699843.8928349295,9.927719145165128,14.719301163965843,381.8690478168019
1986,Canada,815048.2530262787,9.912331008126168,14.835449609378868,390.1076604553487
1987,Canada,899917.1932731316,10.724364386363591,15.622079478730713,384.13534964045823
1988,Canada,1219952.114788911,10.800086665685535,15.724883106418027,409.9847596404902
1989,Canada,6686602.691774016,11.360943599989078,16.421356401356086,360.0159528087378
1990,Canada,870341.8673072709,10.681343993461272,15.634453551948486,363.20360978245435
1991,Canada,1552152.4844242362,11.163646808542444,16.03624214891642,387.9338159171926
1992,Canada,885461.2711130204,9.20700054249778,14.085401289924675,388.04470261891606
1993,Canada,1964112.9149341611,10.40755652952355,15.120581520085892,412.45600996092975
1994,Canada,5044113.752490084,11.23902253499628,16.170677961798237,379.93354476092003
1995,Canada,5769735.632826805,11.21717084439881,16.175722096433756,368.1749250710716
1996,Canada,1780583.1208527775,10.475867971814058,15.202673251470834,389.1670094158549
1997,Canada,705664.1602011016,10.643880575502171,15.364535836760517,421.2098757858249
1998,Canada,4115857.3729950534,12.264155542701097,17.093120771645257,373.0740375305923
1999,Canada,1655042.8395218328,11.144733169063102,15.974418300013793,422.7994775250189
2000,Canada,586732.5024955524,9.855132604565648,14.432042934548445,422.33563245487863
2001,Canada,635293.3106040108,11.215772057985282,15.998722257075794,405.18370796776003
2002,Canada,2586399.8753707404,10.033126999776647,14.772733403163116,403.0391796206538
2003,Canada,1770470.59794323,11.24425200629173,16.150255999448643,381.9049728022455
2004,Canada,2850388.3927132534,9.756121137899326,14.471873626444907,391.5896085737272
2005,Canada,1630496.054128111,10.961180031753578,15.768021768147683,416.4908777250782
2006,Canada,1872932.7762618223,11.73608740713489,16.582603837803994,380.2483880732818
2007,Canada,1529234.4006847416,10.54098965773545,15.27141414092534,421.66102559663216
2008,Canada,1381117.5544788828,10.803776980364487,15.50693958700991,405.84796454868035
2009,Canada,772218.3420554835,10.323419141858524,15.081982880757796,382.98789349999714
2010,Canada,2809398.0734855123,11.124145210076612,15.775112468922755,413.4243410288828
2011,Canada,1931019.9490655623,11.265353390589569,16.063206305251104,403.7924545054997
2012,Canada,1631316.454628344,12.061171330159276,16.901557398828345,381.6394317546744
2013,Canada,3960696.3366418304,11.52359627264273,16.49294361117652,385.9425496544719
2014,Canada,3854397.5931742503,11.299678565411146,16.14545166948203,387.845493946542
2015,Canada,3355253.0254983436,11.374224004730955,16.244104516197723,402.4800537724319
2016,Canada,1211066.274655777,11.674382106239346,16.457907888970716,421.95830689962054
2017,Canada,3019094.435347935,11.679568796496913,16.556149063132064,385.3444134927032
2018,Canada,1844602.5672087695,10.703305437009758,15.721710047012987,395.36842467896906
2019,Canada,1608342.1818216557,10.72364737948665,15.392379895165513,410.28620215605184
2020,Canada,216444.40357443332,10.885075376309207,15.52100637862991,453.8962122106241
2021,Canada,3802855.174730158,11.697984107121139,16.58335120055713,396.579034759445
2022,Canada,1458488.9499306842,11.867722757906924,16.785451608577283,396.5423117830549
2023,Canada,14796428.054547966,13.418996586476394,18.515310647028773,352.29511361107336
2024,Canada,4918346.570316097,12.732074971862184,17.63974865656645,383.6764425034586
2025,Canada,7307708.670613613,12.191625021422922,17.244068445119062,354.05482110408
