year,agency,jurisdiction,total_ha_point,total_ha_nbac,fires
1959,AB,Alberta,28077.73,,28.0
1960,AB,Alberta,9376.94686,,7.0
1961,AB,Alberta,92965.887119,,785.0
1962,AB,Alberta,1750.492027,,279.0
1963,AB,Alberta,7622.326915,,555.0
1964,AB,Alberta,7576.78764,,361.0
1965,AB,Alberta,23090.751671,,279.0
1966,AB,Alberta,33593.428645,,405.0
1967,AB,Alberta,10990.092502,,830.0
1968,AB,Alberta,434730.823595,,615.0
1969,AB,Alberta,30326.186971,,557.0
1970,AB,Alberta,67982.667558,,798.0
1971,AB,Alberta,65677.95045,,906.0
1972,AB,Alberta,52682.766044,47311.4191945597,737.0
1973,AB,Alberta,10019.733222,7811.988053718701,478.0
1974,AB,Alberta,17932.535397,17211.700967912042,598.0
1975,AB,Alberta,5376.956957,3604.6219944565,693.0
1976,AB,Alberta,22839.413559,17806.1804214021,774.0
1977,AB,Alberta,10651.233026,8021.527092783,556.0
1978,AB,Alberta,7879.771733,5368.5914033435,653.0
1979,AB,Alberta,212427.498294,162300.11207421124,1000.0
1980,AB,Alberta,702195.516625,628234.8502065006,1345.0
1981,AB,Alberta,1357303.88391,1238398.4445909148,1522.0
1982,AB,Alberta,712690.613836,657445.1914250149,1263.0
1983,AB,Alberta,3464.8,1962.6152796691,763.0
1984,AB,Alberta,71212.7,68923.8464404081,1357.0
1985,AB,Alberta,16845.4,12042.974095630301,941.0
1986,AB,Alberta,2307.3,2030.3360127260798,584.0
1987,AB,Alberta,36942.5,30095.305785667788,1277.0
1988,AB,Alberta,14691.3,10525.772171579309,838.0
1989,AB,Alberta,6708.9,3867.05889416707,781.0
1990,AB,Alberta,34084.9,25327.100639349515,1301.0
1991,AB,Alberta,6164.8,3294.4401058064204,924.0
1992,AB,Alberta,3548.0,1354.00784841631,1056.0
1993,AB,Alberta,26060.41,21677.531429373117,842.0
1994,AB,Alberta,29582.23,25960.98390939437,877.0
1995,AB,Alberta,337949.56,291896.01746423234,798.0
1996,AB,Alberta,1961.39,1116.0144969835999,376.0
1997,AB,Alberta,4724.95,21685.870799265394,456.0
1998,AB,Alberta,726968.07,603338.1454504032,1698.0
1999,AB,Alberta,120504.77,102432.75859918163,1355.0
2000,AB,Alberta,14735.9,16035.532872834627,783.0
2001,AB,Alberta,154103.73,168904.59983612504,974.0
2002,AB,Alberta,496419.21,411245.168744824,1445.0
2003,AB,Alberta,74906.92,69137.16718803592,1191.0
2004,AB,Alberta,236163.38,228303.3220368553,1611.0
2005,AB,Alberta,60726.14,61089.09298729661,1374.0
2006,AB,Alberta,118801.75,153676.98625533897,2027.0
2007,AB,Alberta,103619.0,89063.22933655714,1337.0
2008,AB,Alberta,20788.83,18796.413989428773,1722.0
2009,AB,Alberta,66902.84,61242.08525948092,1673.0
2010,AB,Alberta,81323.04,72224.56045761074,1892.0
2011,AB,Alberta,805888.18,735110.0583327651,1173.0
2012,AB,Alberta,385818.42,335107.06358261965,1605.0
2013,AB,Alberta,19578.84,18665.935058755447,1218.0
2014,AB,Alberta,23692.71,27842.403005702254,1451.0
2015,AB,Alberta,466317.3,412767.7968310826,1856.0
2016,AB,Alberta,507057.04,504515.9556672784,1436.0
2017,AB,Alberta,49233.31,46468.03157142709,1244.0
2018,AB,Alberta,60185.22,47785.35845180147,1299.0
2019,AB,Alberta,885943.24,711028.8904147987,1021.0
2020,AB,Alberta,3480.4,2775.0367010942114,744.0
2021,AB,Alberta,65770.5,55895.089963787934,1383.0
2022,AB,Alberta,136687.5,123213.20194030993,1297.0
2023,AB,Alberta,2211873.22,2083349.8281924783,1131.0
2024,AB,Alberta,717199.45,722791.708823911,1273.0
2025,AB,Alberta,700305.85,563227.0742425676,1338.0
1959,BC,British Columbia,109613.901,,1468.0
1960,BC,British Columbia,116217.8,,2633.0
1961,BC,British Columbia,483094.9,,3098.0
1962,BC,British Columbia,18590.5,,1533.0
1963,BC,British Columbia,19003.7,,2344.0
1964,BC,British Columbia,3145.4,,1120.0
1965,BC,British Columbia,121300.799,,2686.0
1966,BC,British Columbia,22349.8,,1967.0
1967,BC,British Columbia,102097.401,,3212.0
1968,BC,British Columbia,13730.7,,1646.0
1969,BC,British Columbia,163933.3,,2314.0
1970,BC,British Columbia,105410.001,,4002.0
1971,BC,British Columbia,351342.402,,2895.0
1972,BC,British Columbia,25601.9,21547.542756486735,1904.0
1973,BC,British Columbia,33432.9,32781.134355418755,2861.0
1974,BC,British Columbia,21019.9,14788.96040030859,2559.0
1975,BC,British Columbia,24345.4,20782.695698393538,2718.0
1976,BC,British Columbia,57087.0,45017.42702958131,891.0
1977,BC,British Columbia,3790.5,3111.6240950914994,1854.0
1978,BC,British Columbia,50083.3,44581.39541584585,2306.0
1979,BC,British Columbia,29445.0,24006.361416822267,3845.0
1980,BC,British Columbia,65577.9,62963.98623865589,1743.0
1981,BC,British Columbia,106593.198,94139.20701135222,2737.0
1982,BC,British Columbia,348695.2,309915.6264420888,2206.0
1983,BC,British Columbia,67377.7,67902.43987262614,1704.0
1984,BC,British Columbia,19908.1,16228.372719180294,3063.0
1985,BC,British Columbia,312756.906,195457.41215804775,3608.0
1986,BC,British Columbia,17261.2,14707.659852038247,2194.0
1987,BC,British Columbia,34993.2,29521.224909764296,3477.0
1988,BC,British Columbia,11482.4,5577.908104907148,1951.0
1989,BC,British Columbia,25381.6,19410.306546001808,3520.0
1990,BC,British Columbia,75781.8,55451.62279712266,3255.0
1991,BC,British Columbia,24708.8,25365.986681492097,2013.0
1992,BC,British Columbia,30452.8,24097.10268368932,3805.0
1993,BC,British Columbia,5183.4,4180.680483877791,1497.0
1994,BC,British Columbia,29755.3,21385.57695135073,4057.0
1995,BC,British Columbia,48080.0,32772.01258808587,1474.0
1996,BC,British Columbia,20669.1,15080.03175993996,1360.0
1997,BC,British Columbia,2967.8,1854.7446546594801,1176.0
1998,BC,British Columbia,76567.344,65394.89674048107,2662.0
1999,BC,British Columbia,11555.41,11259.199735475273,1198.0
2000,BC,British Columbia,17552.012,6148.171610463408,1526.0
2001,BC,British Columbia,9826.949,6274.389400264392,1291.0
2002,BC,British Columbia,8570.56,4907.2346304640105,1772.0
2003,BC,British Columbia,264913.562,218338.07121942262,2457.0
2004,BC,British Columbia,220287.477,183888.30076253973,2405.0
2005,BC,British Columbia,34942.066,25349.174701453725,994.0
2006,BC,British Columbia,139150.792,114439.78204672947,2560.0
2007,BC,British Columbia,29485.504,23476.093080011917,1607.0
2008,BC,British Columbia,13347.288,11334.208214499373,2025.0
2009,BC,British Columbia,247343.468,207566.0026715264,3049.0
2010,BC,British Columbia,337167.198,285177.95529782516,1689.0
2011,BC,British Columbia,12562.885,11424.391545709932,646.0
2012,BC,British Columbia,102116.657,82090.33007530756,1640.0
2013,BC,British Columbia,18303.099,15628.562361170423,1867.0
2014,BC,British Columbia,368926.186,323002.44458926935,1469.0
2015,BC,British Columbia,280864.261,235800.57008352465,1863.0
2016,BC,British Columbia,100377.631,78717.90647635849,1068.0
2017,BC,British Columbia,1216139.208,1027735.8891285531,1349.0
2018,BC,British Columbia,1354001.979,1044474.6134262703,2089.0
2019,BC,British Columbia,21506.524,19703.6647944691,834.0
2020,BC,British Columbia,14547.793,13626.389775056421,668.0
2021,BC,British Columbia,866342.547,784757.3441507258,1649.0
2022,BC,British Columbia,135060.915,109395.5819706564,1783.0
2023,BC,British Columbia,2840246.973,2213310.483898741,2280.0
2024,BC,British Columbia,1081194.234,912071.6215848312,1725.0
2025,BC,British Columbia,605813.152,694104.9976024012,1356.0
1959,MB,Manitoba,8406.01,,6.0
1960,MB,Manitoba,148249.34,,65.0
1961,MB,Manitoba,938971.8,,150.0
1962,MB,Manitoba,63015.0,,27.0
1963,MB,Manitoba,19323.0,,32.0
1964,MB,Manitoba,424406.52,,80.0
1965,MB,Manitoba,30273.0,,14.0
1966,MB,Manitoba,9510.0,,3.0
1967,MB,Manitoba,142488.0,,67.0
1968,MB,Manitoba,44063.1,,231.0
1969,MB,Manitoba,41691.3,,289.0
1970,MB,Manitoba,111862.7,,314.0
1971,MB,Manitoba,13298.0,,489.0
1972,MB,Manitoba,42226.8,44853.173799124415,539.0
1973,MB,Manitoba,61517.2,445191.5671479302,613.0
1974,MB,Manitoba,161566.6,145350.52170734084,485.0
1975,MB,Manitoba,24560.2,20563.59311172983,356.0
1976,MB,Manitoba,110299.1,330343.8559099257,1037.0
1977,MB,Manitoba,198247.7,243504.86360973192,757.0
1978,MB,Manitoba,24568.9,19711.711349683388,367.0
1979,MB,Manitoba,81900.0,212652.04663769217,600.0
1980,MB,Manitoba,514257.1,499909.90651142504,1037.0
1981,MB,Manitoba,375728.0,680605.3931517408,639.0
1982,MB,Manitoba,15431.5,100922.57475247252,405.0
1983,MB,Manitoba,99041.3,83592.1087736516,506.0
1984,MB,Manitoba,130151.2,308760.8702439457,672.0
1985,MB,Manitoba,11822.4,101619.19085868097,344.0
1986,MB,Manitoba,67877.7,30162.49107733334,250.0
1987,MB,Manitoba,112008.0,99670.90130120273,486.0
1988,MB,Manitoba,501135.4,393292.97430348594,982.0
1989,MB,Manitoba,3552906.6,3175220.202342611,1211.0
1990,MB,Manitoba,16145.0,68322.53851335737,562.0
1991,MB,Manitoba,150985.7,297329.9343526055,672.0
1992,MB,Manitoba,433773.8,503948.75003820844,298.0
1993,MB,Manitoba,67274.4,68698.65350769581,239.0
1994,MB,Manitoba,1428785.7,1222519.8123378537,555.0
1995,MB,Manitoba,889237.2,827579.1339102448,662.0
1996,MB,Manitoba,125326.4,205138.7566636071,424.0
1997,MB,Manitoba,41799.1,75087.39281577805,373.0
1998,MB,Manitoba,450572.1,441397.0401664037,516.0
1999,MB,Manitoba,110453.5,239428.75403543437,613.0
2000,MB,Manitoba,111699.272,99467.3451056258,353.0
2001,MB,Manitoba,80521.829,135384.47813598663,527.0
2002,MB,Manitoba,95404.79,71531.17825005099,755.0
2003,MB,Manitoba,938176.427,723516.2458962825,1207.0
2004,MB,Manitoba,26820.4,20640.792505503778,55.0
2005,MB,Manitoba,72680.6,64254.151963216376,248.0
2006,MB,Manitoba,166050.3,136170.75360164605,682.0
2007,MB,Manitoba,336280.8,294081.33666159504,382.0
2008,MB,Manitoba,150672.6,134949.5786229026,397.0
2009,MB,Manitoba,2872.0,2838.005680897403,184.0
2010,MB,Manitoba,187494.1,135046.69386294822,583.0
2011,MB,Manitoba,126844.3,107517.71107490893,315.0
2012,MB,Manitoba,216888.3,165136.53121963076,497.0
2013,MB,Manitoba,1115414.8,926553.9481173686,494.0
2014,MB,Manitoba,39107.9,34377.4530817577,245.0
2015,MB,Manitoba,68131.6,60867.980025261364,459.0
2016,MB,Manitoba,38407.5,32932.137383873,202.0
2017,MB,Manitoba,223179.5,194938.63743317255,557.0
2018,MB,Manitoba,234221.7,205233.39351449907,476.0
2019,MB,Manitoba,71287.2,71922.01366855149,278.0
2020,MB,Manitoba,48573.7,39732.67407914222,151.0
2021,MB,Manitoba,1142713.90896,1137920.4853264925,494.0
2022,MB,Manitoba,191778.2,135831.97078229222,224.0
2023,MB,Manitoba,198634.3,143028.5957794231,300.0
2024,MB,Manitoba,235619.171103,233812.2712446193,321.0
2025,MB,Manitoba,2140969.171251,1929676.0079618294,444.0
1959,NB,New Brunswick,,,
1960,NB,New Brunswick,,,
1961,NB,New Brunswick,,,
1962,NB,New Brunswick,,,
1963,NB,New Brunswick,,,
1964,NB,New Brunswick,,,
1965,NB,New Brunswick,,,
1966,NB,New Brunswick,,,
1967,NB,New Brunswick,,,
1968,NB,New Brunswick,,,
1969,NB,New Brunswick,,,
1970,NB,New Brunswick,,,
1971,NB,New Brunswick,,,
1972,NB,New Brunswick,,,
1973,NB,New Brunswick,,,
1974,NB,New Brunswick,,,
1975,NB,New Brunswick,,,
1976,NB,New Brunswick,,,
1977,NB,New Brunswick,,,
1978,NB,New Brunswick,,,
1979,NB,New Brunswick,,,
1980,NB,New Brunswick,2080.0,1957.843693518,2.0
1981,NB,New Brunswick,,,
1982,NB,New Brunswick,5338.7,5779.013192468,3.0
1983,NB,New Brunswick,590.0,577.32718467,1.0
1984,NB,New Brunswick,,,
1985,NB,New Brunswick,1701.0,1737.584335615,5.0
1986,NB,New Brunswick,37417.0,33934.3036434674,10.0
1987,NB,New Brunswick,273.0,266.751620661,1.0
1988,NB,New Brunswick,1632.0,1632.37702839,1.0
1989,NB,New Brunswick,753.4,72.02438219618,392.0
1990,NB,New Brunswick,6218.4,4980.804552199999,377.0
1991,NB,New Brunswick,3559.0,2826.99707121795,656.0
1992,NB,New Brunswick,5398.9,4145.95986272338,576.0
1993,NB,New Brunswick,778.3,198.401018092,430.0
1994,NB,New Brunswick,853.3,,518.0
1995,NB,New Brunswick,569.5,84.187801268,547.0
1996,NB,New Brunswick,2016.8,1687.2998834324299,367.0
1997,NB,New Brunswick,263.9,,368.0
1998,NB,New Brunswick,412.4,106.183004418,288.0
1999,NB,New Brunswick,1452.8,703.51721714388,607.0
2000,NB,New Brunswick,491.1,65.9224727623,333.0
2001,NB,New Brunswick,762.5,145.83219833748998,490.0
2002,NB,New Brunswick,325.5,70.87563330802,317.0
2003,NB,New Brunswick,238.2,,228.0
2004,NB,New Brunswick,458.8,64.27036664684,253.0
2005,NB,New Brunswick,498.3,59.18683932431,306.0
2006,NB,New Brunswick,622.6,147.629979043,308.0
2007,NB,New Brunswick,591.0,138.95246248434,316.0
2008,NB,New Brunswick,142.5,6.46899528252,168.0
2009,NB,New Brunswick,253.9,,197.0
2010,NB,New Brunswick,156.3,12.443133457,179.0
2011,NB,New Brunswick,37.5,,67.0
2012,NB,New Brunswick,361.1,,338.0
2013,NB,New Brunswick,880.1,244.12736138780002,353.0
2014,NB,New Brunswick,113.1,,180.0
2015,NB,New Brunswick,262.3,,221.0
2016,NB,New Brunswick,264.8,,285.0
2017,NB,New Brunswick,567.9,,245.0
2018,NB,New Brunswick,310.9,72.35188402124,285.0
2019,NB,New Brunswick,227.7,74.8835449362,182.0
2020,NB,New Brunswick,1388.4,491.089253695,462.0
2021,NB,New Brunswick,380.1,136.7843722921,179.0
2022,NB,New Brunswick,175.9,,214.0
2023,NB,New Brunswick,853.8,257.066489348,202.0
2024,NB,New Brunswick,292.8,198.30633262640998,284.0
2025,NB,New Brunswick,3413.2,3006.3366930306966,440.0
1959,NL,Newfoundland and Labrador,14467.0,,5.0
1960,NL,Newfoundland and Labrador,12156.0,,9.0
1961,NL,Newfoundland and Labrador,403713.0,,22.0
1962,NL,Newfoundland and Labrador,202.0,,1.0
1963,NL,Newfoundland and Labrador,1813.0,,2.0
1964,NL,Newfoundland and Labrador,1153.0,,3.0
1965,NL,Newfoundland and Labrador,259.0,,1.0
1966,NL,Newfoundland and Labrador,485.0,,1.0
1967,NL,Newfoundland and Labrador,2914.0,,2.0
1968,NL,Newfoundland and Labrador,7524.0,,6.0
1969,NL,Newfoundland and Labrador,7472.0,,5.0
1970,NL,Newfoundland and Labrador,4792.0,,4.0
1971,NL,Newfoundland and Labrador,1464.0,,4.0
1972,NL,Newfoundland and Labrador,44622.0,15375.45102053,20.0
1973,NL,Newfoundland and Labrador,8531.0,7825.50517838,8.0
1974,NL,Newfoundland and Labrador,51460.0,55381.857292215995,18.0
1975,NL,Newfoundland and Labrador,173652.0,85806.5630454,12.0
1976,NL,Newfoundland and Labrador,177049.0,221690.84392761302,32.0
1977,NL,Newfoundland and Labrador,1268.0,5122.032188036999,4.0
1978,NL,Newfoundland and Labrador,4474.0,,4.0
1979,NL,Newfoundland and Labrador,31897.0,648.804937501,10.0
1980,NL,Newfoundland and Labrador,752.0,692.297808646,1.0
1981,NL,Newfoundland and Labrador,8930.0,9070.316612431001,3.0
1982,NL,Newfoundland and Labrador,2973.0,2898.712493099,3.0
1983,NL,Newfoundland and Labrador,13720.0,12610.459572986,6.0
1984,NL,Newfoundland and Labrador,7407.0,7777.550196825,3.0
1985,NL,Newfoundland and Labrador,104937.3,91939.786844492,240.0
1986,NL,Newfoundland and Labrador,103200.5,86418.74358185101,173.0
1987,NL,Newfoundland and Labrador,11903.9,13494.669189905,253.0
1988,NL,Newfoundland and Labrador,1647.2,1327.64640593,106.0
1989,NL,Newfoundland and Labrador,54202.6,46005.00911621087,169.0
1990,NL,Newfoundland and Labrador,24602.3,23384.800570928997,165.0
1991,NL,Newfoundland and Labrador,56390.0,44662.47099610729,115.0
1992,NL,Newfoundland and Labrador,1809.7,13929.432431767,106.0
1993,NL,Newfoundland and Labrador,28480.4,19437.764273066998,65.0
1994,NL,Newfoundland and Labrador,110274.2,83218.99670357049,129.0
1995,NL,Newfoundland and Labrador,701.1,2113.274855181,86.0
1996,NL,Newfoundland and Labrador,81310.4,82512.0415099642,111.0
1997,NL,Newfoundland and Labrador,8544.7,2915.6368947342003,78.0
1998,NL,Newfoundland and Labrador,40161.2,22333.756693263003,180.0
1999,NL,Newfoundland and Labrador,39040.2,37623.5795539278,188.0
2000,NL,Newfoundland and Labrador,103536.167,104189.29759159351,149.0
2001,NL,Newfoundland and Labrador,965.588,672.791680717,181.0
2002,NL,Newfoundland and Labrador,14784.646,3808.985322479,99.0
2003,NL,Newfoundland and Labrador,27711.13,28061.884945794507,140.0
2004,NL,Newfoundland and Labrador,2156.086,892.820242593,124.0
2005,NL,Newfoundland and Labrador,18248.519,23043.584421059102,121.0
2006,NL,Newfoundland and Labrador,3465.568,2486.6246806978,66.0
2007,NL,Newfoundland and Labrador,11350.923,14629.68614121465,66.0
2008,NL,Newfoundland and Labrador,100.0,783.1909036469999,72.0
2009,NL,Newfoundland and Labrador,16656.193,39885.1017483936,150.0
2010,NL,Newfoundland and Labrador,995.249,948.884419666,46.0
2011,NL,Newfoundland and Labrador,425.61487,1053.0065017417917,41.0
2012,NL,Newfoundland and Labrador,29282.68559,190391.24438392333,138.0
2013,NL,Newfoundland and Labrador,30143.596,89241.386857064,71.0
2014,NL,Newfoundland and Labrador,8832.0,24612.641219522004,1.0
2015,NL,Newfoundland and Labrador,3589.8,3994.182874758,25.0
2016,NL,Newfoundland and Labrador,10603.3,10669.642996992701,17.0
2017,NL,Newfoundland and Labrador,699.8,515.54369611,80.0
2018,NL,Newfoundland and Labrador,395.5,15.1175606326,132.0
2019,NL,Newfoundland and Labrador,316.0,642.056480057,99.0
2020,NL,Newfoundland and Labrador,4177.6,4225.1199948622,94.0
2021,NL,Newfoundland and Labrador,341.0,40.7560423555,85.0
2022,NL,Newfoundland and Labrador,15012.5,20738.478271589996,103.0
2023,NL,Newfoundland and Labrador,16401.9,19676.919310300003,101.0
2024,NL,Newfoundland and Labrador,68079.9,60385.50931980131,96.0
2025,NL,Newfoundland and Labrador,18480.9,18104.376309449744,243.0
1959,NS,Nova Scotia,,,
1960,NS,Nova Scotia,5683.0,,4.0
1961,NS,Nova Scotia,1233.0,,4.0
1962,NS,Nova Scotia,,,
1963,NS,Nova Scotia,215.0,,1.0
1964,NS,Nova Scotia,,,
1965,NS,Nova Scotia,,,
1966,NS,Nova Scotia,,,
1967,NS,Nova Scotia,,,
1968,NS,Nova Scotia,,,
1969,NS,Nova Scotia,,,
1970,NS,Nova Scotia,,,
1971,NS,Nova Scotia,,,
1972,NS,Nova Scotia,,,
1973,NS,Nova Scotia,,,
1974,NS,Nova Scotia,,,
1975,NS,Nova Scotia,,,
1976,NS,Nova Scotia,,10947.2085354,
1977,NS,Nova Scotia,,,
1978,NS,Nova Scotia,,,
1979,NS,Nova Scotia,,,
1980,NS,Nova Scotia,551.0,421.453826531,1.0
1981,NS,Nova Scotia,,,
1982,NS,Nova Scotia,,,
1983,NS,Nova Scotia,,,
1984,NS,Nova Scotia,,143.83097700155,
1985,NS,Nova Scotia,,,
1986,NS,Nova Scotia,,,
1987,NS,Nova Scotia,1096.98,101.23889515581001,564.0
1988,NS,Nova Scotia,351.7,5.77389742959,326.0
1989,NS,Nova Scotia,460.97,,421.0
1990,NS,Nova Scotia,1068.16,551.0430341264,497.0
1991,NS,Nova Scotia,1775.75,764.43929679007,726.0
1992,NS,Nova Scotia,1159.61,470.73101837925,296.0
1993,NS,Nova Scotia,367.91,,302.0
1994,NS,Nova Scotia,242.44,1.67673818339,263.0
1995,NS,Nova Scotia,404.51,,407.0
1996,NS,Nova Scotia,639.22,,270.0
1997,NS,Nova Scotia,565.16,333.8977473525,370.0
1998,NS,Nova Scotia,396.73,55.81983047404,346.0
1999,NS,Nova Scotia,1823.44,719.95465142113,464.0
2000,NS,Nova Scotia,488.17,146.821006211,212.0
2001,NS,Nova Scotia,528.81,158.786198974,485.0
2002,NS,Nova Scotia,211.25,,267.0
2003,NS,Nova Scotia,1256.76,501.4300704333,272.0
2004,NS,Nova Scotia,289.83,12.42260786505,258.0
2005,NS,Nova Scotia,495.0,24.13101412608,289.0
2006,NS,Nova Scotia,1572.0,162.52353364138,214.0
2007,NS,Nova Scotia,689.0,85.5041542288,386.0
2008,NS,Nova Scotia,2700.0,1677.7499010766999,247.0
2009,NS,Nova Scotia,883.0,642.260212006,190.0
2010,NS,Nova Scotia,435.74,,248.0
2011,NS,Nova Scotia,150.27,,114.0
2012,NS,Nova Scotia,361.81,,352.0
2013,NS,Nova Scotia,301.347,247.30801083322007,171.0
2014,NS,Nova Scotia,564.4607,530.9986193512199,171.0
2015,NS,Nova Scotia,516.7499,450.6354104396397,247.0
2016,NS,Nova Scotia,802.724,742.7117865373609,269.0
2017,NS,Nova Scotia,572.77,752.9815305776489,175.0
2018,NS,Nova Scotia,195.41,224.88000958145997,190.0
2019,NS,Nova Scotia,136.77,,143.0
2020,NS,Nova Scotia,695.694223,624.5015482342668,176.0
2021,NS,Nova Scotia,197.142001,167.46776076608,113.0
2022,NS,Nova Scotia,3383.703,2833.2241727087,152.0
2023,NS,Nova Scotia,25093.26925,21760.914449240325,220.0
2024,NS,Nova Scotia,49.41,38.39905709440949,85.0
2025,NS,Nova Scotia,8848.030402,8181.31470879522,179.0
1959,NT,Northwest Territories,40328.0,,18.0
1960,NT,Northwest Territories,42525.0,,19.0
1961,NT,Northwest Territories,290777.2,,41.0
1962,NT,Northwest Territories,22197.2,,12.0
1963,NT,Northwest Territories,5784.0,,6.0
1964,NT,Northwest Territories,171566.2,,27.0
1965,NT,Northwest Territories,2094.13,,96.0
1966,NT,Northwest Territories,208217.09,,210.0
1967,NT,Northwest Territories,37665.55,,122.0
1968,NT,Northwest Territories,229608.84,,119.0
1969,NT,Northwest Territories,492656.82,,183.0
1970,NT,Northwest Territories,207618.39,,176.0
1971,NT,Northwest Territories,678151.04,,278.0
1972,NT,Northwest Territories,224566.64,177974.36192126523,315.0
1973,NT,Northwest Territories,339639.87,804456.7683548058,428.0
1974,NT,Northwest Territories,16738.27,23145.54521586788,182.0
1975,NT,Northwest Territories,559355.81,526068.411416438,328.0
1976,NT,Northwest Territories,636462.49,626266.3363140688,310.0
1977,NT,Northwest Territories,284432.8,319874.6486776961,307.0
1978,NT,Northwest Territories,78714.21,60988.44343522331,154.0
1979,NT,Northwest Territories,1798409.52,1594857.371464038,372.0
1980,NT,Northwest Territories,1169672.02,1090905.1729605643,321.0
1981,NT,Northwest Territories,984512.5,587589.5936281545,312.0
1982,NT,Northwest Territories,305297.62,237170.15314284465,356.0
1983,NT,Northwest Territories,232409.84,223320.34476968754,340.0
1984,NT,Northwest Territories,40042.5,34342.19181999982,304.0
1985,NT,Northwest Territories,194989.9,105774.64703519415,148.0
1986,NT,Northwest Territories,321608.1,267860.67093830963,203.0
1987,NT,Northwest Territories,399089.9,342360.94571681553,374.0
1988,NT,Northwest Territories,66078.12,66605.24777082972,190.0
1989,NT,Northwest Territories,577615.51,460748.3155361304,610.0
1990,NT,Northwest Territories,104617.4,93702.74646141139,236.0
1991,NT,Northwest Territories,225466.42,175739.63766613652,331.0
1992,NT,Northwest Territories,36949.45,34168.77410449221,285.0
1993,NT,Northwest Territories,864285.83,809378.9030113999,473.0
1994,NT,Northwest Territories,3027314.59,2309572.597143852,653.0
1995,NT,Northwest Territories,2843366.44,2041487.4440658654,218.0
1996,NT,Northwest Territories,371544.72,276013.96131531167,350.0
1997,NT,Northwest Territories,126531.27,77296.46782645724,105.0
1998,NT,Northwest Territories,1458960.46,1259897.7873199014,399.0
1999,NT,Northwest Territories,561034.64,440546.7660149784,172.0
2000,NT,Northwest Territories,177835.79,151041.37661913197,275.0
2001,NT,Northwest Territories,111261.72,88337.38511202965,127.0
2002,NT,Northwest Territories,27089.17,37949.53171691376,85.0
2003,NT,Northwest Territories,127821.4,104278.7920494164,160.0
2004,NT,Northwest Territories,515621.01,386227.24557789724,297.0
2005,NT,Northwest Territories,218132.63,177715.87212373363,261.0
2006,NT,Northwest Territories,53397.03,43426.99884420461,166.0
2007,NT,Northwest Territories,445129.39,307068.79412118415,184.0
2008,NT,Northwest Territories,308788.79,311710.54368131194,240.0
2009,NT,Northwest Territories,2056.85,1492.0995035147791,42.0
2010,NT,Northwest Territories,350927.04,253877.71701341693,224.0
2011,NT,Northwest Territories,329580.8249,211924.6553449855,199.0
2012,NT,Northwest Territories,299756.36,194411.16701513922,281.0
2013,NT,Northwest Territories,537872.71,460947.3082065304,248.0
2014,NT,Northwest Territories,3418290.42,2837487.3922959687,385.0
2015,NT,Northwest Territories,646987.56,527165.6335606726,245.0
2016,NT,Northwest Territories,254999.43,213970.66507154348,188.0
2017,NT,Northwest Territories,1030258.81,811888.2776905289,261.0
2018,NT,Northwest Territories,13243.15,14167.36191740426,59.0
2019,NT,Northwest Territories,105167.17,110213.39664453115,146.0
2020,NT,Northwest Territories,21139.03,18139.124773038544,70.0
2021,NT,Northwest Territories,155491.15,154625.28442049745,139.0
2022,NT,Northwest Territories,586216.232,582854.6911919948,260.0
2023,NT,Northwest Territories,4164806.9048,3484145.00149907,305.0
2024,NT,Northwest Territories,1672980.524365,1647577.3774487788,174.0
2025,NT,Northwest Territories,1109027.187946,1090867.7277605291,202.0
1959,NU,Nunavut,,,
1960,NU,Nunavut,,,
1961,NU,Nunavut,,,
1962,NU,Nunavut,,,
1963,NU,Nunavut,,,
1964,NU,Nunavut,,,
1965,NU,Nunavut,,,
1966,NU,Nunavut,,,
1967,NU,Nunavut,,,
1968,NU,Nunavut,,,
1969,NU,Nunavut,,,
1970,NU,Nunavut,,,
1971,NU,Nunavut,,,
1972,NU,Nunavut,,,
1973,NU,Nunavut,,,
1974,NU,Nunavut,,,
1975,NU,Nunavut,,,
1976,NU,Nunavut,,,
1977,NU,Nunavut,,,
1978,NU,Nunavut,,,
1979,NU,Nunavut,,,
1980,NU,Nunavut,,,
1981,NU,Nunavut,,,
1982,NU,Nunavut,,,
1983,NU,Nunavut,,,
1984,NU,Nunavut,,,
1985,NU,Nunavut,,,
1986,NU,Nunavut,,,
1987,NU,Nunavut,,,
1988,NU,Nunavut,,,
1989,NU,Nunavut,,,
1990,NU,Nunavut,,,
1991,NU,Nunavut,,,
1992,NU,Nunavut,,,
1993,NU,Nunavut,,,
1994,NU,Nunavut,,,
1995,NU,Nunavut,,,
1996,NU,Nunavut,,,
1997,NU,Nunavut,,,
1998,NU,Nunavut,,,
1999,NU,Nunavut,,640.5093127895,
2000,NU,Nunavut,,903.8315825358601,
2001,NU,Nunavut,,,
2002,NU,Nunavut,,,
2003,NU,Nunavut,,1209.0464486416902,
2004,NU,Nunavut,,363.78949537100004,
2005,NU,Nunavut,,,
2006,NU,Nunavut,,377.864711828,
2007,NU,Nunavut,,16.13780611399,
2008,NU,Nunavut,,4361.37902887395,
2009,NU,Nunavut,,25.2935615962,
2010,NU,Nunavut,,8719.514380302699,
2011,NU,Nunavut,,455.567752255,
2012,NU,Nunavut,,9.14147095036,
2013,NU,Nunavut,,132.95170865523,
2014,NU,Nunavut,,2809.88291689914,
2015,NU,Nunavut,,73.3692163347,
2016,NU,Nunavut,,142.2539154648,
2017,NU,Nunavut,,139.64454049209002,
2018,NU,Nunavut,,387.826209549,
2019,NU,Nunavut,,2296.48908786,
2020,NU,Nunavut,,49.16431006358,
2021,NU,Nunavut,,247.075690505,
2022,NU,Nunavut,,1001.4765197044401,
2023,NU,Nunavut,,3827.1622545315995,
2024,NU,Nunavut,,56.06566444580999,
2025,NU,Nunavut,,,
1959,ON,Ontario,239.0,,1.0
1960,ON,Ontario,11032.0,,9.0
1961,ON,Ontario,469978.0,,31.0
1962,ON,Ontario,9020.0,,9.0
1963,ON,Ontario,17502.0,,10.0
1964,ON,Ontario,7498.0,,13.0
1965,ON,Ontario,5301.0,,3.0
1966,ON,Ontario,3369.0,,6.0
1967,ON,Ontario,21897.0,,8.0
1968,ON,Ontario,304.0,,1.0
1969,ON,Ontario,1142.0,,2.0
1970,ON,Ontario,19635.0,,14.0
1971,ON,Ontario,38273.0,,16.0
1972,ON,Ontario,33638.0,24217.720054997004,20.0
1973,ON,Ontario,1842.0,2231.59731647,5.0
1974,ON,Ontario,520791.0,449180.10947019205,60.0
1975,ON,Ontario,10036.0,7459.095393925954,18.0
1976,ON,Ontario,544176.401828,346927.6860022348,3981.0
1977,ON,Ontario,416341.298512,269744.5124585707,2049.0
1978,ON,Ontario,7541.500025,11246.495640224,940.0
1979,ON,Ontario,63944.299788,53203.9503683465,1564.0
1980,ON,Ontario,560329.300011,434534.25768917584,1779.0
1981,ON,Ontario,179499.001517,160107.8446709762,1656.0
1982,ON,Ontario,3915.600016,8033.899064928999,1395.0
1983,ON,Ontario,443703.198109,338345.4266362515,2244.0
1984,ON,Ontario,120442.803421,95431.333080828,1240.0
1985,ON,Ontario,1006.600006,1614.4901267103,887.0
1986,ON,Ontario,145561.100005,123886.63102111859,1088.0
1987,ON,Ontario,75581.600031,90991.22188107409,1922.0
1988,ON,Ontario,390705.700011,310036.3708641998,3260.0
1989,ON,Ontario,403885.900057,390429.0392123678,2430.0
1990,ON,Ontario,183693.400005,138450.77165917252,1614.0
1991,ON,Ontario,318811.100006,266256.62205173954,2560.0
1992,ON,Ontario,175994.400003,135696.91950022941,960.0
1993,ON,Ontario,104705.300005,68639.5580433025,743.0
1994,ON,Ontario,128985.09999,71603.51892179331,1106.0
1995,ON,Ontario,718530.599221,528424.08766219,2197.0
1996,ON,Ontario,510894.800037,373842.59545534465,1302.0
1997,ON,Ontario,40610.599943,26438.759074706442,1654.0
1998,ON,Ontario,240547.400017,190354.559403319,2316.0
1999,ON,Ontario,388568.800002,300741.0015934444,1049.0
2000,ON,Ontario,9268.900004,13686.873616187619,659.0
2001,ON,Ontario,16700.90003,11865.813082211826,1602.0
2002,ON,Ontario,182219.700151,162766.18775291226,1162.0
2003,ON,Ontario,319212.000013,287197.4805556334,1040.0
2004,ON,Ontario,1817.6,1486.4663010369,436.0
2005,ON,Ontario,42512.400011,47886.182616039136,1962.0
2006,ON,Ontario,149675.600807,118703.08833481286,2284.0
2007,ON,Ontario,40677.500199,32079.761486764102,1127.0
2008,ON,Ontario,1316.400002,1143.67450318199,340.0
2009,ON,Ontario,20860.600001,17427.701459835487,388.0
2010,ON,Ontario,16067.199953,12920.0160449773,934.0
2011,ON,Ontario,635794.699599,456580.0470900069,1338.0
2012,ON,Ontario,152810.401496,112819.43129640262,1621.0
2013,ON,Ontario,51088.499854,39951.60242347998,581.0
2014,ON,Ontario,6145.500001,11945.794406961299,308.0
2015,ON,Ontario,42721.600097,37801.3447012124,671.0
2016,ON,Ontario,86208.70011,77299.74036813709,648.0
2017,ON,Ontario,112783.099898,93616.30961095834,779.0
2018,ON,Ontario,265690.396802,220529.900328741,1328.0
2019,ON,Ontario,269725.79956,233965.63374699574,538.0
2020,ON,Ontario,15497.20008,13388.0180693291,609.0
2021,ON,Ontario,784562.398963,693349.2515739221,1200.0
2022,ON,Ontario,2625.299952,3193.0487694385997,276.0
2023,ON,Ontario,441604.3,352971.0528775923,748.0
2024,ON,Ontario,90593.4,78437.05399006448,491.0
2025,ON,Ontario,600928.89742,472625.69855475385,649.0
1959,PEI,Prince Edward Island,,,
1960,PEI,Prince Edward Island,,,
1961,PEI,Prince Edward Island,,,
1962,PEI,Prince Edward Island,,,
1963,PEI,Prince Edward Island,,,
1964,PEI,Prince Edward Island,,,
1965,PEI,Prince Edward Island,,,
1966,PEI,Prince Edward Island,,,
1967,PEI,Prince Edward Island,,,
1968,PEI,Prince Edward Island,,,
1969,PEI,Prince Edward Island,,,
1970,PEI,Prince Edward Island,,,
1971,PEI,Prince Edward Island,,,
1972,PEI,Prince Edward Island,,,
1973,PEI,Prince Edward Island,,,
1974,PEI,Prince Edward Island,,,
1975,PEI,Prince Edward Island,,,
1976,PEI,Prince Edward Island,,,
1977,PEI,Prince Edward Island,,,
1978,PEI,Prince Edward Island,,,
1979,PEI,Prince Edward Island,,,
1980,PEI,Prince Edward Island,,,
1981,PEI,Prince Edward Island,,,
1982,PEI,Prince Edward Island,,,
1983,PEI,Prince Edward Island,,,
1984,PEI,Prince Edward Island,,,
1985,PEI,Prince Edward Island,,,
1986,PEI,Prince Edward Island,,,
1987,PEI,Prince Edward Island,,,
1988,PEI,Prince Edward Island,,,
1989,PEI,Prince Edward Island,,,
1990,PEI,Prince Edward Island,,,
1991,PEI,Prince Edward Island,,,
1992,PEI,Prince Edward Island,,,
1993,PEI,Prince Edward Island,,,
1994,PEI,Prince Edward Island,,,
1995,PEI,Prince Edward Island,,,
1996,PEI,Prince Edward Island,,,
1997,PEI,Prince Edward Island,,,
1998,PEI,Prince Edward Island,,,
1999,PEI,Prince Edward Island,,,
2000,PEI,Prince Edward Island,,,
2001,PEI,Prince Edward Island,,,
2002,PEI,Prince Edward Island,,,
2003,PEI,Prince Edward Island,,,
2004,PEI,Prince Edward Island,,,
2005,PEI,Prince Edward Island,,,
2006,PEI,Prince Edward Island,,,
2007,PEI,Prince Edward Island,,,
2008,PEI,Prince Edward Island,,,
2009,PEI,Prince Edward Island,,,
2010,PEI,Prince Edward Island,,,
2011,PEI,Prince Edward Island,,,
2012,PEI,Prince Edward Island,,,
2013,PEI,Prince Edward Island,,,
2014,PEI,Prince Edward Island,,,
2015,PEI,Prince Edward Island,,,
2016,PEI,Prince Edward Island,,,
2017,PEI,Prince Edward Island,,,
2018,PEI,Prince Edward Island,7.39,,8.0
2019,PEI,Prince Edward Island,14.21,,3.0
2020,PEI,Prince Edward Island,11.13,,12.0
2021,PEI,Prince Edward Island,0.4,,1.0
2022,PEI,Prince Edward Island,0.52,,4.0
2023,PEI,Prince Edward Island,7.94,,7.0
2024,PEI,Prince Edward Island,18.291161,18.292156260349998,8.0
2025,PEI,Prince Edward Island,13.48,,12.0
1959,QC,Quebec,34629.01,,23.0
1960,QC,Quebec,39932.06,,21.0
1961,QC,Quebec,22208.1,,17.0
1962,QC,Quebec,194634.49,,42.0
1963,QC,Quebec,28960.0,,32.0
1964,QC,Quebec,89481.64,,25.0
1965,QC,Quebec,6205.42,,13.0
1966,QC,Quebec,7076.9,,6.0
1967,QC,Quebec,97491.7,,59.0
1968,QC,Quebec,499919.68,,47.0
1969,QC,Quebec,1197.0,,2.0
1970,QC,Quebec,23333.23,,18.0
1971,QC,Quebec,235896.6,,29.0
1972,QC,Quebec,104280.4,66984.05406955499,1142.0
1973,QC,Quebec,88711.2,185038.5134173978,568.0
1974,QC,Quebec,101508.7,168669.4145697551,1006.0
1975,QC,Quebec,43538.8,39514.2417907628,2012.0
1976,QC,Quebec,496464.2,589804.880980895,1108.0
1977,QC,Quebec,32113.6,47136.19638678225,1362.0
1978,QC,Quebec,6470.1,37428.237036978,1198.0
1979,QC,Quebec,5171.9,3832.90650205,686.0
1980,QC,Quebec,31582.0,24355.873826979998,947.0
1981,QC,Quebec,192008.9,180398.31759842456,1219.0
1982,QC,Quebec,39107.5,39835.37087969591,1265.0
1983,QC,Quebec,1037538.0,978396.9942644947,1747.0
1984,QC,Quebec,3799.4,2091.418910125,714.0
1985,QC,Quebec,86446.6,92912.53372997328,922.0
1986,QC,Quebec,197225.9,155513.38808906512,851.0
1987,QC,Quebec,36834.2,51817.32825923832,992.0
1988,QC,Quebec,275721.7,365516.58333495515,1331.0
1989,QC,Quebec,2109512.5,1910202.0557232064,1167.0
1990,QC,Quebec,83342.6,96073.38590828142,851.0
1991,QC,Quebec,438331.4,464583.0530189512,1216.0
1992,QC,Quebec,27111.5,28981.497976497027,765.0
1993,QC,Quebec,128234.0,132998.54356030285,543.0
1994,QC,Quebec,116040.3,98930.03466193847,499.0
1995,QC,Quebec,727726.7,688799.9213377631,1265.0
1996,QC,Quebec,691589.6,724754.9080217882,1250.0
1997,QC,Quebec,393079.2,488475.72192659136,876.0
1998,QC,Quebec,418306.8,374246.4875543695,854.0
1999,QC,Quebec,97747.2,116976.16273065277,1037.0
2000,QC,Quebec,39208.3,59781.00813437753,516.0
2001,QC,Quebec,33068.2,27541.841451266133,1003.0
2002,QC,Quebec,1013749.6,1169192.7646200727,895.0
2003,QC,Quebec,87860.3,82095.10932498761,716.0
2004,QC,Quebec,3044.2,4926.010834891839,319.0
2005,QC,Quebec,800130.3,834744.6003503826,1374.0
2006,QC,Quebec,136351.1,139445.88849876286,683.0
2007,QC,Quebec,342682.1,397463.1759786181,935.0
2008,QC,Quebec,1481.6,3714.42006289024,222.0
2009,QC,Quebec,93971.7,170312.2595955276,483.0
2010,QC,Quebec,314883.8,378164.72798579023,737.0
2011,QC,Quebec,12397.5,22780.311129575053,329.0
2012,QC,Quebec,64043.1,79444.48913201767,795.0
2013,QC,Quebec,1872842.2,1833973.5991925644,515.0
2014,QC,Quebec,63720.7,53484.20993531726,292.0
2015,QC,Quebec,5379.6,5339.837358435639,384.0
2016,QC,Quebec,33370.8,33910.64736802635,602.0
2017,QC,Quebec,38391.9,31332.62281550372,317.0
2018,QC,Quebec,86260.7,76294.81820028044,592.0
2019,QC,Quebec,9604.0,9370.016477039238,357.0
2020,QC,Quebec,59986.1,60245.18041412958,707.0
2021,QC,Quebec,49483.1,49326.46225918604,624.0
2022,QC,Quebec,29638.1,28158.918122653195,449.0
2023,QC,Quebec,4288263.62585,4264231.801940617,713.0
2024,QC,Quebec,265199.8,208561.67329990753,518.0
2025,QC,Quebec,8295.2,6418.750974372541,559.0
1959,SK,Saskatchewan,11530.19,,12.0
1960,SK,Saskatchewan,200238.67,,28.0
1961,SK,Saskatchewan,11026.22,,5.0
1962,SK,Saskatchewan,2072.83,,7.0
1963,SK,Saskatchewan,55719.0,,17.0
1964,SK,Saskatchewan,423111.56,,49.0
1965,SK,Saskatchewan,2130.27,,4.0
1966,SK,Saskatchewan,12077.82,,13.0
1967,SK,Saskatchewan,47150.76,,22.0
1968,SK,Saskatchewan,19526.12,,13.0
1969,SK,Saskatchewan,60007.6,,16.0
1970,SK,Saskatchewan,826915.11,,46.0
1971,SK,Saskatchewan,84295.4,,19.0
1972,SK,Saskatchewan,158430.0,129109.964323406,24.0
1973,SK,Saskatchewan,489032.0,331376.138628867,38.0
1974,SK,Saskatchewan,17668.0,22767.40728417,3.0
1975,SK,Saskatchewan,122567.0,75872.29734423298,10.0
1976,SK,Saskatchewan,79515.7,66846.230913983,9.0
1977,SK,Saskatchewan,129054.2,100131.391379203,29.0
1978,SK,Saskatchewan,92783.3,66955.70643959,12.0
1979,SK,Saskatchewan,226922.6,407553.3681001056,47.0
1980,SK,Saskatchewan,1338376.0,1591234.0286950818,95.0
1981,SK,Saskatchewan,2413778.60345,1504127.6229963454,972.0
1982,SK,Saskatchewan,83017.8722,68180.93216288202,595.0
1983,SK,Saskatchewan,61025.4171,49693.48424002181,436.0
1984,SK,Saskatchewan,325896.36628,306976.6895674642,892.0
1985,SK,Saskatchewan,92192.90615,83133.4105876381,520.0
1986,SK,Saskatchewan,11436.723,5981.7055232924,493.0
1987,SK,Saskatchewan,220088.675,176329.81737297197,980.0
1988,SK,Saskatchewan,81470.0069528,60263.870072568825,1061.0
1989,SK,Saskatchewan,479904.307833,372877.1520436029,1016.0
1990,SK,Saskatchewan,216055.678238,180918.24487783574,897.0
1991,SK,Saskatchewan,198175.11,158013.31160594206,762.0
1992,SK,Saskatchewan,97756.39,111607.34716768455,699.0
1993,SK,Saskatchewan,608199.84,730811.4339791313,645.0
1994,SK,Saskatchewan,846019.45,782508.4116722104,697.0
1995,SK,Saskatchewan,1648433.89,1102210.3478089618,650.0
1996,SK,Saskatchewan,12986.99,11261.94529819332,425.0
1997,SK,Saskatchewan,3876.91,1768.84248284701,489.0
1998,SK,Saskatchewan,1038696.22,800209.011541229,1266.0
1999,SK,Saskatchewan,180820.24,153343.7990127438,740.0
2000,SK,Saskatchewan,140806.17,118396.89297086759,414.0
2001,SK,Saskatchewan,203428.42,149072.85299495124,856.0
2002,SK,Saskatchewan,879610.04,665983.9395160335,880.0
2003,SK,Saskatchewan,125663.75,89195.24476993512,640.0
2004,SK,Saskatchewan,258131.61,269993.62865978654,329.0
2005,SK,Saskatchewan,213773.46,190951.34420616683,323.0
2006,SK,Saskatchewan,1203726.54,1049753.5332984608,500.0
2007,SK,Saskatchewan,212873.12,165856.19720560923,366.0
2008,SK,Saskatchewan,1130177.23,867968.5198300955,598.0
2009,SK,Saskatchewan,37559.37,31932.953983120628,511.0
2010,SK,Saskatchewan,1734807.18,1518827.6478921762,571.0
2011,SK,Saskatchewan,343719.99,277796.043146294,303.0
2012,SK,Saskatchewan,227511.5,217944.91512403646,410.0
2013,SK,Saskatchewan,363837.1,338652.11447407905,429.0
2014,SK,Saskatchewan,342783.48,312678.77480724524,403.0
2015,SK,Saskatchewan,1758733.04942,1458915.1562511262,723.0
2016,SK,Saskatchewan,254764.4,226852.85173565173,402.0
2017,SK,Saskatchewan,398997.7,365546.54206154455,353.0
2018,SK,Saskatchewan,155696.8,101530.21037008708,433.0
2019,SK,Saskatchewan,48153.6,52939.21047292741,257.0
2020,SK,Saskatchewan,42950.0,42721.02177891319,198.0
2021,SK,Saskatchewan,956060.9,748894.3480755085,635.0
2022,SK,Saskatchewan,265573.0,219650.37142979546,447.0
2023,SK,Saskatchewan,1883006.2,1090823.7414588914,486.0
2024,SK,Saskatchewan,936676.3,768253.7337487586,596.0
2025,SK,Saskatchewan,2982279.5,2284540.3866671855,507.0
1959,YT,Yukon,39498.46,,60.0
1960,YT,Yukon,8878.31,,49.0
1961,YT,Yukon,44037.1,,49.0
1962,YT,Yukon,13381.57,,46.0
1963,YT,Yukon,17506.18,,43.0
1964,YT,Yukon,192.66,,25.0
1965,YT,Yukon,18000.0,,75.0
1966,YT,Yukon,191648.16,,102.0
1967,YT,Yukon,123974.63,,97.0
1968,YT,Yukon,11577.54,,86.0
1969,YT,Yukon,618109.02,,140.0
1970,YT,Yukon,99.97,,118.0
1971,YT,Yukon,301729.67,,139.0
1972,YT,Yukon,70588.67,60582.178164439996,142.0
1973,YT,Yukon,1450.12,3325.479177703,110.0
1974,YT,Yukon,3465.21,2792.387441521,93.0
1975,YT,Yukon,31554.56,19237.717763834473,166.0
1976,YT,Yukon,59143.2,50226.956499155,112.0
1977,YT,Yukon,312469.39,186313.44148650498,126.0
1978,YT,Yukon,7482.93,5454.111930201999,102.0
1979,YT,Yukon,7388.5,6719.480743082,65.0
1980,YT,Yukon,154204.77,133542.27181312302,150.0
1981,YT,Yukon,14196.81,11846.21759048,91.0
1982,YT,Yukon,240111.44,220728.80012520208,204.0
1983,YT,Yukon,54836.96,43852.0271748336,199.0
1984,YT,Yukon,23229.2,16671.2974490724,168.0
1985,YT,Yukon,19455.49,11150.468265513,110.0
1986,YT,Yukon,101697.88,82345.62169788188,217.0
1987,YT,Yukon,88901.46,65074.22459851872,125.0
1988,YT,Yukon,6614.39,4502.9707493900005,115.0
1989,YT,Yukon,383188.13,306440.917865669,244.0
1990,YT,Yukon,182891.92,157286.5963868054,154.0
1991,YT,Yukon,120270.82,104538.13613469427,187.0
1992,YT,Yukon,37815.07,25738.949080812818,116.0
1993,YT,Yukon,115104.31,105525.52276896396,136.0
1994,YT,Yukon,421710.39,368934.69201413734,255.0
1995,YT,Yukon,261882.24,248019.48088188074,148.0
1996,YT,Yukon,91067.13,75735.40777237988,149.0
1997,YT,Yukon,11470.05,9484.32977349202,112.0
1998,YT,Yukon,343731.4,312163.56449466664,198.0
1999,YT,Yukon,194816.48,172596.88446595488,159.0
2000,YT,Yukon,8015.86,7310.37638227427,55.0
2001,YT,Yukon,17334.48,17256.495901774706,68.0
2002,YT,Yukon,36204.11,34424.710713811815,69.0
2003,YT,Yukon,48785.33,48356.15128649402,77.0
2004,YT,Yukon,1719664.09,1608157.1185948884,282.0
2005,YT,Yukon,187438.34,167460.31452280286,83.0
2006,YT,Yukon,95033.34,89884.4666369186,80.0
2007,YT,Yukon,37707.76,34187.73077432163,110.0
2008,YT,Yukon,13067.88,11102.010063211925,76.0
2009,YT,Yukon,230512.35,211431.23627995944,118.0
2010,YT,Yukon,146963.17,136796.10335636325,88.0
2011,YT,Yukon,40464.33,33628.2621606283,56.0
2012,YT,Yukon,58280.2,53826.340151249984,126.0
2013,YT,Yukon,198313.79,170092.05236344656,177.0
2014,YT,Yukon,3160.594,3213.65426635989,34.0
2015,YT,Yukon,169841.61,147116.79384107154,185.0
2016,YT,Yukon,21537.4,19062.65771636,53.0
2017,YT,Yukon,399280.15,326067.2496928579,115.0
2018,YT,Yukon,80585.49,74673.73431595332,51.0
2019,YT,Yukon,256036.62,268699.0572678417,117.0
2020,YT,Yukon,3463.92,16080.294725370002,24.0
2021,YT,Yukon,14275.12,134558.98312307431,112.0
2022,YT,Yukon,170367.27,194286.55253565553,289.0
2023,YT,Yukon,528225.0,333955.5592805471,222.0
2024,YT,Yukon,209848.3,182064.92624758778,168.0
2025,YT,Yukon,177701.51,166753.68838933698,166.0
